2022-05-20,ETH-USD
Time,Price,UnixTime
00:00:03.852616Z,2017.53,1653004803.852616
00:00:08.832462Z,2017.41,1653004808.832462
00:00:11.705617Z,2017.58,1653004811.705617
00:00:18.337791Z,2017.07,1653004818.337791
00:00:23.760877Z,2016.31,1653004823.760877
00:00:29.104538Z,2015.51,1653004829.104538
00:00:33.001688Z,2014.9,1653004833.001688
00:00:37.098052Z,2014.61,1653004837.098052
00:00:43.735799Z,2015.14,1653004843.735799
00:00:47.736993Z,2015.88,1653004847.736993
00:00:54.213325Z,2017.07,1653004854.213325
00:00:57.734966Z,2018.12,1653004857.734966
00:01:04.235266Z,2017.42,1653004864.235266
00:01:07.035731Z,2017.04,1653004867.035731
00:01:13.050560Z,2015.91,1653004873.05056
00:01:19.491036Z,2015.78,1653004879.491036
00:01:24.772050Z,2015.71,1653004884.77205
00:01:27.442641Z,2015.7,1653004887.442641
00:01:33.582519Z,2014.89,1653004893.582519
00:01:39.343580Z,2014.13,1653004899.34358
00:01:43.233665Z,2013.91,1653004903.233665
00:01:49.103190Z,2014.01,1653004909.10319
00:01:53.298083Z,2013.48,1653004913.298083
00:01:59.426109Z,2012.58,1653004919.426109
00:02:05.141397Z,2012.34,1653004925.141397
00:02:10.191046Z,2011.69,1653004930.191046
00:02:13.387316Z,2011.71,1653004933.387316
00:02:18.238141Z,2012.12,1653004938.238141
00:02:24.965214Z,2012.48,1653004944.965214
00:02:29.406007Z,2012.24,1653004949.406007
00:02:33.920869Z,2012.53,1653004953.920869
00:02:40.318428Z,2013.27,1653004960.318428
00:02:44.269109Z,2014.75,1653004964.269109
00:02:48.794597Z,2014.81,1653004968.794597
00:02:55.215582Z,2015,1653004975.215582
00:02:58.230166Z,2015.2,1653004978.230166
00:03:03.349702Z,2016.16,1653004983.349702
00:03:08.963871Z,2016.23,1653004988.963871
00:03:13.986759Z,2015.53,1653004993.986759
00:03:18.892530Z,2016.38,1653004998.89253
00:03:24.996408Z,2016.82,1653005004.996408
00:03:28.902084Z,2017.01,1653005008.902084
00:03:34.531664Z,2017.04,1653005014.531664
00:03:38.886284Z,2016.8,1653005018.886284
00:03:44.943204Z,2016.14,1653005024.943204
00:03:50.745182Z,2014.01,1653005030.745182
00:03:54.246817Z,2013.81,1653005034.246817
00:03:59.182504Z,2012.81,1653005039.182504
00:04:04.660866Z,2012.4,1653005044.660866
00:04:10.658706Z,2013.16,1653005050.658706
00:04:14.405673Z,2012.28,1653005054.405673
00:04:20.495535Z,2013.65,1653005060.495535
00:04:24.155317Z,2014.89,1653005064.155317
00:04:30.956246Z,2015.47,1653005070.956246
00:04:34.132189Z,2015.99,1653005074.132189
00:04:39.014951Z,2015.45,1653005079.014951
00:04:43.783432Z,2015.51,1653005083.783432
00:04:50.898972Z,2016.11,1653005090.898972
00:04:54.302024Z,2015.85,1653005094.302024
00:05:00.627179Z,2015.7,1653005100.627179
00:05:05.846097Z,2015.79,1653005105.846097
00:05:10.735899Z,2015.53,1653005110.735899
00:05:15.637544Z,2015.29,1653005115.637544
00:05:19.637087Z,2014.46,1653005119.637087
00:05:24.957484Z,2013.1,1653005124.957484
00:05:29.977964Z,2012.67,1653005129.977964
00:05:35.647233Z,2011.73,1653005135.647233
00:05:41.525304Z,2012.07,1653005141.525304
00:05:46.674029Z,2012.86,1653005146.674029
00:05:51.160653Z,2013.14,1653005151.160653
00:05:55.829285Z,2013.54,1653005155.829285
00:05:59.469402Z,2014.47,1653005159.469402
00:06:06.147212Z,2014.99,1653005166.147212
00:06:10.873372Z,2014.76,1653005170.873372
00:06:15.406809Z,2015.46,1653005175.406809
00:06:20.190217Z,2016.62,1653005180.190217
00:06:24.932630Z,2016.2,1653005184.93263
00:06:31.650442Z,2015.78,1653005191.650442
00:06:36.925884Z,2016.01,1653005196.925884
00:06:40.203828Z,2015.82,1653005200.203828
00:06:43.213744Z,2015.8,1653005203.213744
00:06:51.054725Z,2016.58,1653005211.054725
00:06:55.344903Z,2016.62,1653005215.344903
00:07:02.298924Z,2016.82,1653005222.298924
00:07:05.805009Z,2017.89,1653005225.805009
00:07:11.270417Z,2018.11,1653005231.270417
00:07:15.929247Z,2017.79,1653005235.929247
00:07:21.363484Z,2017.83,1653005241.363484
00:07:26.254302Z,2017.29,1653005246.254302
00:07:31.972509Z,2017.51,1653005251.972509
00:07:35.911472Z,2017.01,1653005255.911472
00:07:41.470031Z,2017.26,1653005261.470031
00:07:47.792667Z,2016.23,1653005267.792667
00:07:52.142798Z,2016.68,1653005272.142798
00:07:58.056622Z,2016.8,1653005278.056622
00:08:01.073249Z,2017.21,1653005281.073249
00:08:07.790048Z,2017.77,1653005287.790048
00:08:11.793966Z,2017.4,1653005291.793966
00:08:17.650801Z,2017.17,1653005297.650801
00:08:23.240114Z,2016.39,1653005303.240114
00:08:27.451424Z,2016.44,1653005307.451424
00:08:31.418573Z,2015.83,1653005311.418573
00:08:38.207085Z,2016.31,1653005318.207085
00:08:42.199686Z,2016.26,1653005322.199686
00:08:47.081744Z,2016.08,1653005327.081744
00:08:52.060272Z,2016,1653005332.060272
00:08:56.642384Z,2016.7,1653005336.642384
00:09:02.260532Z,2016.56,1653005342.260532
00:09:06.948939Z,2015.43,1653005346.948939
00:09:12.794059Z,2014.98,1653005352.794059
00:09:16.978135Z,2014.74,1653005356.978135
00:09:22.789324Z,2015.33,1653005362.789324
00:09:28.499001Z,2015.7,1653005368.499001
00:09:32.701809Z,2014.79,1653005372.701809
00:09:38.746840Z,2015.27,1653005378.74684
00:09:42.082952Z,2015.27,1653005382.082952
00:09:48.852394Z,2014.34,1653005388.852394
00:09:52.663866Z,2014.05,1653005392.663866
00:09:58.010867Z,2013.75,1653005398.010867
00:10:02.668228Z,2014.09,1653005402.668228
00:10:08.546425Z,2014.36,1653005408.546425
00:10:11.876551Z,2014.3,1653005411.876551
00:10:16.882622Z,2013.64,1653005416.882622
00:10:22.004225Z,2013.65,1653005422.004225
00:10:28.576140Z,2013.57,1653005428.57614
00:10:32.822874Z,2014.38,1653005432.822874
00:10:38.713425Z,2014.57,1653005438.713425
00:10:42.533674Z,2014.86,1653005442.533674
00:10:48.717036Z,2014.44,1653005448.717036
00:10:52.038909Z,2014.7,1653005452.038909
00:10:57.778503Z,2014.63,1653005457.778503
00:11:02.723282Z,2014.65,1653005462.723282
00:11:08.621990Z,2014.05,1653005468.62199
00:11:11.500668Z,2014.36,1653005471.500668
00:11:18.441287Z,2014.18,1653005478.441287
00:11:22.739203Z,2014.26,1653005482.739203
00:11:28.246519Z,2014.11,1653005488.246519
00:11:32.099269Z,2014.67,1653005492.099269
00:11:38.894378Z,2014.12,1653005498.894378
00:11:42.167153Z,2014.26,1653005502.167153
00:11:48.705781Z,2013.67,1653005508.705781
00:11:54.105767Z,2013.23,1653005514.105767
00:11:58.409516Z,2013.44,1653005518.409516
00:12:04.289424Z,2014.39,1653005524.289424
00:12:08.755490Z,2014.42,1653005528.75549
00:12:14.785570Z,2012.91,1653005534.78557
00:12:18.847753Z,2013.27,1653005538.847753
00:12:23.278395Z,2012.47,1653005543.278395
00:12:28.707824Z,2013.12,1653005548.707824
00:12:34.427611Z,2013.26,1653005554.427611
00:12:38.528190Z,2013.29,1653005558.52819
00:12:43.782937Z,2013.38,1653005563.782937
00:12:49.542527Z,2012.72,1653005569.542527
00:12:54.969012Z,2011.57,1653005574.969012
00:12:59.363853Z,2010.13,1653005579.363853
00:13:03.935987Z,2010.07,1653005583.935987
00:13:09.848948Z,2009.67,1653005589.848948
00:13:14.343716Z,2009.23,1653005594.343716
00:13:20.050945Z,2008.53,1653005600.050945
00:13:24.926017Z,2009.28,1653005604.926017
00:13:28.900696Z,2009.67,1653005608.900696
00:13:35.206342Z,2010.17,1653005615.206342
00:13:38.993448Z,2010.96,1653005618.993448
00:13:44.989094Z,2010.11,1653005624.989094
00:13:50.042633Z,2009.83,1653005630.042633
00:13:54.777530Z,2008.87,1653005634.77753
00:14:00.708667Z,2009.73,1653005640.708667
00:14:05.299444Z,2009.99,1653005645.299444
00:14:10.524752Z,2010.29,1653005650.524752
00:14:15.209876Z,2010.02,1653005655.209876
00:14:21.063151Z,2009.75,1653005661.063151
00:14:25.019548Z,2009.9,1653005665.019548
00:14:29.583481Z,2009.74,1653005669.583481
00:14:36.232712Z,2010.24,1653005676.232712
00:14:39.766683Z,2009.86,1653005679.766683
00:14:45.798680Z,2010.78,1653005685.79868
00:14:48.516338Z,2010.78,1653005688.516338
00:14:56.210127Z,2010.32,1653005696.210127
00:14:58.810155Z,2010.31,1653005698.810155
00:15:05.887897Z,2009.29,1653005705.887897
00:15:09.062662Z,2009.49,1653005709.062662
00:15:16.119442Z,2010.04,1653005716.119442
00:15:21.068151Z,2010.97,1653005721.068151
00:15:26.258166Z,2011.75,1653005726.258166
00:15:29.327815Z,2012.58,1653005729.327815
00:15:36.099737Z,2012.22,1653005736.099737
00:15:40.662996Z,2012.59,1653005740.662996
00:15:46.698620Z,2011.99,1653005746.69862
00:15:50.658305Z,2012.23,1653005750.658305
00:15:56.690556Z,2012.78,1653005756.690556
00:16:01.126041Z,2012.06,1653005761.126041
00:16:06.161771Z,2011.7,1653005766.161771
00:16:10.414893Z,2011.19,1653005770.414893
00:16:16.257421Z,2011.31,1653005776.257421
00:16:21.361478Z,2011.29,1653005781.361478
00:16:26.646642Z,2011.08,1653005786.646642
00:16:32.059012Z,2011.02,1653005792.059012
00:16:36.313429Z,2010.74,1653005796.313429
00:16:41.662338Z,2011.08,1653005801.662338
00:16:47.441978Z,2011.59,1653005807.441978
00:16:51.823611Z,2011.19,1653005811.823611
00:16:56.877431Z,2011.27,1653005816.877431
00:17:02.007298Z,2011.54,1653005822.007298
00:17:07.245001Z,2011.46,1653005827.245001
00:17:11.955814Z,2011.21,1653005831.955814
00:17:17.932590Z,2011.31,1653005837.93259
00:17:22.628429Z,2010.72,1653005842.628429
00:17:25.765125Z,2011.01,1653005845.765125
00:17:31.701412Z,2010.28,1653005851.701412
00:17:38.050452Z,2011.46,1653005858.050452
00:17:42.667401Z,2011.92,1653005862.667401
00:17:47.173352Z,2011.79,1653005867.173352
00:17:53.213358Z,2011.77,1653005873.213358
00:17:56.993750Z,2012,1653005876.99375
00:18:01.837475Z,2011.41,1653005881.837475
00:18:08.438176Z,2011.38,1653005888.438176
00:18:12.441026Z,2011.5,1653005892.441026
00:18:18.317028Z,2011.07,1653005898.317028
00:18:21.829776Z,2010.75,1653005901.829776
00:18:27.889724Z,2010.35,1653005907.889724
00:18:33.242181Z,2010.45,1653005913.242181
00:18:36.237192Z,2010.29,1653005916.237192
00:18:41.403196Z,2010.76,1653005921.403196
00:18:47.862271Z,2010.39,1653005927.862271
00:18:53.481103Z,2009.95,1653005933.481103
00:18:58.786089Z,2010.1,1653005938.786089
00:19:03.087369Z,2010.31,1653005943.087369
00:19:08.982481Z,2011.05,1653005948.982481
00:19:12.690607Z,2010.69,1653005952.690607
00:19:17.428993Z,2010.18,1653005957.428993
00:19:23.347750Z,2010.57,1653005963.34775
00:19:28.880898Z,2010.09,1653005968.880898
00:19:33.212860Z,2010.06,1653005973.21286
00:19:39.205462Z,2009.93,1653005979.205462
00:19:43.950773Z,2009.36,1653005983.950773
00:19:48.367715Z,2009.18,1653005988.367715
00:19:54.109131Z,2008.96,1653005994.109131
00:19:59.245977Z,2008.85,1653005999.245977
00:20:03.352576Z,2008,1653006003.352576
00:20:08.665561Z,2007.77,1653006008.665561
00:20:13.166848Z,2007.67,1653006013.166848
00:20:19.298864Z,2007.64,1653006019.298864
00:20:24.530040Z,2007.53,1653006024.53004
00:20:29.187478Z,2007.28,1653006029.187478
00:20:33.985471Z,2006.99,1653006033.985471
00:20:39.083287Z,2006.63,1653006039.083287
00:20:44.014931Z,2006.92,1653006044.014931
00:20:49.206150Z,2005.93,1653006049.20615
00:20:54.414326Z,2006.78,1653006054.414326
00:20:59.421061Z,2006.67,1653006059.421061
00:21:05.162490Z,2006.98,1653006065.16249
00:21:09.852055Z,2007.26,1653006069.852055
00:21:15.251504Z,2006.76,1653006075.251504
00:21:19.516353Z,2006.02,1653006079.516353
00:21:25.090261Z,2004.89,1653006085.090261
00:21:29.875927Z,2004.5,1653006089.875927
00:21:35.103571Z,2006.01,1653006095.103571
00:21:39.621955Z,2005.67,1653006099.621955
00:21:43.438055Z,2005.98,1653006103.438055
00:21:49.494930Z,2005.92,1653006109.49493
00:21:53.882320Z,2005.31,1653006113.88232
00:21:59.450531Z,2005.05,1653006119.450531
00:22:04.160842Z,2004.47,1653006124.160842
00:22:09.088934Z,2004.63,1653006129.088934
00:22:13.772938Z,2004.11,1653006133.772938
00:22:19.320556Z,2005.05,1653006139.320556
00:22:24.435992Z,2005.04,1653006144.435992
00:22:29.679957Z,2004.76,1653006149.679957
00:22:35.581050Z,2005.4,1653006155.58105
00:22:37.786620Z,2004.83,1653006157.78662
00:22:45.453852Z,2004.8,1653006165.453852
00:22:50.925308Z,2004.76,1653006170.925308
00:22:55.776178Z,2004.8,1653006175.776178
00:23:00.913643Z,2004.67,1653006180.913643
00:23:04.394481Z,2004.44,1653006184.394481
00:23:11.061317Z,2004.96,1653006191.061317
00:23:14.886157Z,2005.01,1653006194.886157
00:23:20.729725Z,2004.99,1653006200.729725
00:23:24.305636Z,2005.15,1653006204.305636
00:23:29.715021Z,2005.2,1653006209.715021
00:23:32.550921Z,2005.32,1653006212.550921
00:23:40.755475Z,2005.88,1653006220.755475
00:23:43.209282Z,2005.64,1653006223.209282
00:23:50.158501Z,2005.99,1653006230.158501
00:23:54.281257Z,2006,1653006234.281257
00:24:00.437106Z,2006,1653006240.437106
00:24:04.333844Z,2005.98,1653006244.333844
00:24:10.839950Z,2005.15,1653006250.83995
00:24:13.734314Z,2005.4,1653006253.734314
00:24:20.577746Z,2005.5,1653006260.577746
00:24:23.479177Z,2005.55,1653006263.479177
00:24:30.891806Z,2006.48,1653006270.891806
00:24:36.654010Z,2005.32,1653006276.65401
00:24:40.757926Z,2006.09,1653006280.757926
00:24:45.989424Z,2007.17,1653006285.989424
00:24:50.516001Z,2007.21,1653006290.516001
00:24:55.806941Z,2006.87,1653006295.806941
00:25:00.081893Z,2006.65,1653006300.081893
00:25:06.292907Z,2006.49,1653006306.292907
00:25:10.705802Z,2006.67,1653006310.705802
00:25:16.046457Z,2007.21,1653006316.046457
00:25:19.627555Z,2007.21,1653006319.627555
00:25:26.007914Z,2007.2,1653006326.007914
00:25:31.586162Z,2007.08,1653006331.586162
00:25:35.429621Z,2007.2,1653006335.429621
00:25:41.869921Z,2007.87,1653006341.869921
00:25:45.966059Z,2008.05,1653006345.966059
00:25:52.252766Z,2007.86,1653006352.252766
00:25:56.781047Z,2008.53,1653006356.781047
00:26:01.765824Z,2008.61,1653006361.765824
00:26:07.743564Z,2008.65,1653006367.743564
00:26:12.155614Z,2009.24,1653006372.155614
00:26:17.718919Z,2008.39,1653006377.718919
00:26:22.388466Z,2008.52,1653006382.388466
00:26:26.771190Z,2008.5,1653006386.77119
00:26:32.665179Z,2008.49,1653006392.665179
00:26:38.023804Z,2008.49,1653006398.023804
00:26:40.485818Z,2008.4,1653006400.485818
00:26:47.894293Z,2008.38,1653006407.894293
00:26:52.543221Z,2008.12,1653006412.543221
00:26:57.811735Z,2007.77,1653006417.811735
00:27:01.927391Z,2007.34,1653006421.927391
00:27:07.164491Z,2007.3,1653006427.164491
00:27:11.514952Z,2006.74,1653006431.514952
00:27:15.870232Z,2006.92,1653006435.870232
00:27:21.482251Z,2006.86,1653006441.482251
00:27:27.491433Z,2006.34,1653006447.491433
00:27:31.565371Z,2005.9,1653006451.565371
00:27:36.825590Z,2005.88,1653006456.82559
00:27:41.922035Z,2006,1653006461.922035
00:27:47.706849Z,2005.91,1653006467.706849
00:27:50.956328Z,2005.86,1653006470.956328
00:27:54.812047Z,2005.86,1653006474.812047
00:28:01.647278Z,2005.9,1653006481.647278
00:28:07.934346Z,2005.75,1653006487.934346
00:28:11.631994Z,2005.74,1653006491.631994
00:28:17.489678Z,2005.11,1653006497.489678
00:28:20.999974Z,2005.2,1653006500.999974
00:28:27.754975Z,2005.27,1653006507.754975
00:28:31.282806Z,2005.12,1653006511.282806
00:28:37.846985Z,2004.94,1653006517.846985
00:28:43.367069Z,2006.46,1653006523.367069
00:28:47.770883Z,2006.62,1653006527.770883
00:28:53.234485Z,2007.01,1653006533.234485
00:28:57.710505Z,2007.12,1653006537.710505
00:29:03.615382Z,2006.62,1653006543.615382
00:29:09.007463Z,2006.21,1653006549.007463
00:29:13.664150Z,2006.92,1653006553.66415
00:29:19.148275Z,2006.04,1653006559.148275
00:29:22.861262Z,2006.04,1653006562.861262
00:29:28.666549Z,2005.79,1653006568.666549
00:29:32.718396Z,2006.13,1653006572.718396
00:29:37.735608Z,2005.71,1653006577.735608
00:29:44.359713Z,2005.38,1653006584.359713
00:29:48.872946Z,2004.81,1653006588.872946
00:29:54.377074Z,2005.01,1653006594.377074
00:29:59.060069Z,2004.45,1653006599.060069
00:30:00.154179Z,2005.37,1653006600.154179
00:30:09.553441Z,2004.16,1653006609.553441
00:30:14.849038Z,2004.35,1653006614.849038
00:30:19.420553Z,2005.5,1653006619.420553
00:30:24.983987Z,2005.03,1653006624.983987
00:30:29.438545Z,2004.72,1653006629.438545
00:30:32.670914Z,2005.04,1653006632.670914
00:30:38.597039Z,2005.28,1653006638.597039
00:30:44.001649Z,2006.13,1653006644.001649
00:30:48.996638Z,2007.23,1653006648.996638
00:30:54.386647Z,2007.02,1653006654.386647
00:30:59.388839Z,2007.08,1653006659.388839
00:31:03.742218Z,2007.6,1653006663.742218
00:31:09.382722Z,2006.84,1653006669.382722
00:31:13.977918Z,2007.47,1653006673.977918
00:31:19.036088Z,2007.87,1653006679.036088
00:31:23.109475Z,2008.18,1653006683.109475
00:31:29.007667Z,2008.67,1653006689.007667
00:31:33.568992Z,2008.4,1653006693.568992
00:31:39.640029Z,2009.39,1653006699.640029
00:31:43.328931Z,2009.31,1653006703.328931
00:31:48.237330Z,2009.21,1653006708.23733
00:31:53.908052Z,2009.47,1653006713.908052
00:31:59.802060Z,2010.1,1653006719.80206
00:32:03.356040Z,2009.82,1653006723.35604
00:32:09.175470Z,2009.39,1653006729.17547
00:32:15.462328Z,2009.35,1653006735.462328
00:32:20.005667Z,2009.47,1653006740.005667
00:32:25.243254Z,2009.1,1653006745.243254
00:32:29.523834Z,2008.61,1653006749.523834
00:32:35.952300Z,2008.58,1653006755.9523
00:32:39.694012Z,2008.74,1653006759.694012
00:32:44.304179Z,2008.99,1653006764.304179
00:32:49.820296Z,2007.99,1653006769.820296
00:32:53.903273Z,2007.98,1653006773.903273
00:33:00.551143Z,2008.17,1653006780.551143
00:33:06.092576Z,2008.17,1653006786.092576
00:33:11.014473Z,2008.18,1653006791.014473
00:33:16.331358Z,2008.39,1653006796.331358
00:33:20.718093Z,2007.25,1653006800.718093
00:33:26.261495Z,2007.97,1653006806.261495
00:33:30.606471Z,2007.29,1653006810.606471
00:33:36.573946Z,2007.2,1653006816.573946
00:33:39.328649Z,2007.21,1653006819.328649
00:33:45.710058Z,2007.31,1653006825.710058
00:33:51.370880Z,2007.3,1653006831.37088
00:33:54.690147Z,2007.77,1653006834.690147
00:34:02.026678Z,2008.06,1653006842.026678
00:34:03.538792Z,2008.49,1653006843.538792
00:34:12.074272Z,2008.26,1653006852.074272
00:34:16.093884Z,2008.12,1653006856.093884
00:34:21.031819Z,2008.24,1653006861.031819
00:34:26.341743Z,2008.87,1653006866.341743
00:34:32.208348Z,2008.9,1653006872.208348
00:34:37.172974Z,2008.59,1653006877.172974
00:34:40.245529Z,2008.53,1653006880.245529
00:34:47.601768Z,2008.1,1653006887.601768
00:34:52.286355Z,2008.5,1653006892.286355
00:34:55.100890Z,2008.5,1653006895.10089
00:35:01.119645Z,2008.27,1653006901.119645
00:35:07.588372Z,2007.78,1653006907.588372
00:35:11.741496Z,2008.14,1653006911.741496
00:35:17.268329Z,2007.5,1653006917.268329
00:35:21.751903Z,2007.05,1653006921.751903
00:35:27.148998Z,2007.09,1653006927.148998
00:35:31.381165Z,2007.11,1653006931.381165
00:35:36.415868Z,2007.59,1653006936.415868
00:35:41.330653Z,2007.57,1653006941.330653
00:35:46.415857Z,2008,1653006946.415857
00:35:52.779101Z,2008.02,1653006952.779101
00:35:57.942636Z,2008.04,1653006957.942636
00:36:01.166118Z,2008.04,1653006961.166118
00:36:08.230669Z,2008.03,1653006968.230669
00:36:10.052583Z,2008.11,1653006970.052583
00:36:18.305834Z,2007.24,1653006978.305834
00:36:21.893524Z,2008.11,1653006981.893524
00:36:27.009758Z,2008.28,1653006987.009758
00:36:33.443147Z,2009.15,1653006993.443147
00:36:37.958797Z,2008.68,1653006997.958797
00:36:41.530810Z,2009.4,1653007001.53081
00:36:47.673030Z,2010.15,1653007007.67303
00:36:52.946456Z,2009.97,1653007012.946456
00:36:57.898067Z,2010.28,1653007017.898067
00:37:02.217738Z,2010.05,1653007022.217738
00:37:08.925165Z,2010.05,1653007028.925165
00:37:13.878315Z,2010.01,1653007033.878315
00:37:18.307619Z,2009.96,1653007038.307619
00:37:21.930469Z,2010.5,1653007041.930469
00:37:28.796689Z,2010.38,1653007048.796689
00:37:34.161009Z,2010.6,1653007054.161009
00:37:38.940517Z,2010,1653007058.940517
00:37:42.158635Z,2009.66,1653007062.158635
00:37:46.693713Z,2009.55,1653007066.693713
00:37:53.798599Z,2009.13,1653007073.798599
00:37:57.077678Z,2008.9,1653007077.077678
00:38:03.393455Z,2009.19,1653007083.393455
00:38:08.077807Z,2008.27,1653007088.077807
00:38:13.325362Z,2008.39,1653007093.325362
00:38:19.661921Z,2008.21,1653007099.661921
00:38:20.888746Z,2008.21,1653007100.888746
00:38:27.255036Z,2008.33,1653007107.255036
00:38:33.466127Z,2008.38,1653007113.466127
00:38:39.626897Z,2008.63,1653007119.626897
00:38:44.625311Z,2008.6,1653007124.625311
00:38:46.732894Z,2008.82,1653007126.732894
00:38:54.060928Z,2009.75,1653007134.060928
00:38:58.989299Z,2010.49,1653007138.989299
00:39:03.460370Z,2010.09,1653007143.46037
00:39:09.716565Z,2010.43,1653007149.716565
00:39:13.850831Z,2010.67,1653007153.850831
00:39:19.430636Z,2011.15,1653007159.430636
00:39:23.521293Z,2011.87,1653007163.521293
00:39:29.722333Z,2012.13,1653007169.722333
00:39:34.207307Z,2011.77,1653007174.207307
00:39:39.640036Z,2012.4,1653007179.640036
00:39:44.875859Z,2012.11,1653007184.875859
00:39:48.216016Z,2011.69,1653007188.216016
00:39:52.844414Z,2011.7,1653007192.844414
00:39:59.828504Z,2010.63,1653007199.828504
00:40:04.019612Z,2011.1,1653007204.019612
00:40:07.972766Z,2011.22,1653007207.972766
00:40:13.725673Z,2011.21,1653007213.725673
00:40:17.789232Z,2010.96,1653007217.789232
00:40:25.405438Z,2010.54,1653007225.405438
00:40:28.464895Z,2011.59,1653007228.464895
00:40:35.724370Z,2011,1653007235.72437
00:40:39.447631Z,2010.56,1653007239.447631
00:40:45.457263Z,2010.83,1653007245.457263
00:40:50.689209Z,2011.17,1653007250.689209
00:40:54.865292Z,2011.39,1653007254.865292
00:41:01.017812Z,2011.39,1653007261.017812
00:41:05.383959Z,2011.75,1653007265.383959
00:41:09.114466Z,2011.96,1653007269.114466
00:41:16.040085Z,2012.75,1653007276.040085
00:41:20.482022Z,2013.76,1653007280.482022
00:41:25.920082Z,2013.31,1653007285.920082
00:41:29.964641Z,2013.74,1653007289.964641
00:41:34.551760Z,2013.62,1653007294.55176
00:41:39.758537Z,2013.92,1653007299.758537
00:41:44.357101Z,2014.3,1653007304.357101
00:41:50.055Z,2015.68,1653007310.000055
00:41:56.064493Z,2015.65,1653007316.064493
00:42:01.800299Z,2015.18,1653007321.800299
00:42:05.521436Z,2014.69,1653007325.521436
00:42:11.483998Z,2014.78,1653007331.483998
00:42:16.876180Z,2014.96,1653007336.87618
00:42:21.470707Z,2014.34,1653007341.470707
00:42:27.309419Z,2015.16,1653007347.309419
00:42:32.482559Z,2015.37,1653007352.482559
00:42:38.163989Z,2014.87,1653007358.163989
00:42:42.646068Z,2014.85,1653007362.646068
00:42:48.558185Z,2014.74,1653007368.558185
00:42:53.814519Z,2014.48,1653007373.814519
00:42:57.671718Z,2014.4,1653007377.671718
00:43:03.855606Z,2013.82,1653007383.855606
00:43:08.199572Z,2013.76,1653007388.199572
00:43:13.468185Z,2013.57,1653007393.468185
00:43:18.779914Z,2013.11,1653007398.779914
00:43:22.640187Z,2013.37,1653007402.640187
00:43:28.559852Z,2013.4,1653007408.559852
00:43:31.735978Z,2012.83,1653007411.735978
00:43:36.964001Z,2012.18,1653007416.964001
00:43:44.576194Z,2012.52,1653007424.576194
00:43:47.385844Z,2012.5,1653007427.385844
00:43:53.087088Z,2012.03,1653007433.087088
00:43:58.444878Z,2011.97,1653007438.444878
00:44:03.947856Z,2011.88,1653007443.947856
00:44:09.182688Z,2011.95,1653007449.182688
00:44:14.429024Z,2012.72,1653007454.429024
00:44:18.938256Z,2012.39,1653007458.938256
00:44:24.121566Z,2012.52,1653007464.121566
00:44:29.279964Z,2012.54,1653007469.279964
00:44:33.961922Z,2013.26,1653007473.961922
00:44:39.811757Z,2013.27,1653007479.811757
00:44:42.989124Z,2014.37,1653007482.989124
00:44:49.288545Z,2013.82,1653007489.288545
00:44:54.055422Z,2015.56,1653007494.055422
00:44:59.027315Z,2015.19,1653007499.027315
00:45:03.109554Z,2016.18,1653007503.109554
00:45:09.659752Z,2015.8,1653007509.659752
00:45:14.188684Z,2015.19,1653007514.188684
00:45:18.558500Z,2015.63,1653007518.5585
00:45:25.165141Z,2015.78,1653007525.165141
00:45:29.796865Z,2016.29,1653007529.796865
00:45:32.629050Z,2016.3,1653007532.62905
00:45:38.560713Z,2015.85,1653007538.560713
00:45:43.333882Z,2016,1653007543.333882
00:45:49.050541Z,2016.34,1653007549.050541
00:45:54.540135Z,2017.05,1653007554.540135
00:45:59.268899Z,2016.58,1653007559.268899
00:46:03.937934Z,2016.28,1653007563.937934
00:46:09.794853Z,2016.54,1653007569.794853
00:46:14.753432Z,2016.21,1653007574.753432
00:46:20.930814Z,2016.51,1653007580.930814
00:46:24.660809Z,2016.46,1653007584.660809
00:46:31.075611Z,2015.82,1653007591.075611
00:46:35.687184Z,2015.43,1653007595.687184
00:46:39.729262Z,2015.55,1653007599.729262
00:46:46.057859Z,2015.42,1653007606.057859
00:46:48.308663Z,2015.57,1653007608.308663
00:46:55.700779Z,2014.72,1653007615.700779
00:46:59.034732Z,2014.84,1653007619.034732
00:47:05.670181Z,2014.63,1653007625.670181
00:47:09.887918Z,2014.79,1653007629.887918
00:47:16.002842Z,2014.89,1653007636.002842
00:47:19.496328Z,2015,1653007639.496328
00:47:26.775699Z,2015,1653007646.775699
00:47:31.430781Z,2014.08,1653007651.430781
00:47:36.553348Z,2014.34,1653007656.553348
00:47:41.437995Z,2015.35,1653007661.437995
00:47:46.442287Z,2015.16,1653007666.442287
00:47:48.008469Z,2015.07,1653007668.008469
00:47:54.938305Z,2015.41,1653007674.938305
00:48:01.852723Z,2015.42,1653007681.852723
00:48:05.582872Z,2015.9,1653007685.582872
00:48:09.442905Z,2016.91,1653007689.442905
00:48:15.385030Z,2016.85,1653007695.38503
00:48:22.077618Z,2016.57,1653007702.077618
00:48:26.368748Z,2016.6,1653007706.368748
00:48:31.850769Z,2016.16,1653007711.850769
00:48:35.432326Z,2016.19,1653007715.432326
00:48:41.760164Z,2015.5,1653007721.760164
00:48:47.061733Z,2015.81,1653007727.061733
00:48:50.669966Z,2015.84,1653007730.669966
00:48:57.177301Z,2015.87,1653007737.177301
00:49:02.125891Z,2016.02,1653007742.125891
00:49:02.902791Z,2015.76,1653007742.902791
00:49:11.155603Z,2015.5,1653007751.155603
00:49:16.505258Z,2015.28,1653007756.505258
00:49:21.089790Z,2015.2,1653007761.08979
00:49:27.382756Z,2015.31,1653007767.382756
00:49:30.823279Z,2015.77,1653007770.823279
00:49:36.656221Z,2015.61,1653007776.656221
00:49:39.088302Z,2015.26,1653007779.088302
00:49:47.044087Z,2015.77,1653007787.044087
00:49:52.304895Z,2015.67,1653007792.304895
00:49:57.251940Z,2015.76,1653007797.25194
00:50:02.203090Z,2014.91,1653007802.20309
00:50:07.558413Z,2015.69,1653007807.558413
00:50:12.651182Z,2015.5,1653007812.651182
00:50:16.138335Z,2015.5,1653007816.138335
00:50:22.219453Z,2015.21,1653007822.219453
00:50:27.656835Z,2015.15,1653007827.656835
00:50:32.546281Z,2015,1653007832.546281
00:50:36.777718Z,2014.38,1653007836.777718
00:50:43.170279Z,2014.32,1653007843.170279
00:50:46.550282Z,2014,1653007846.550282
00:50:52.685643Z,2013.99,1653007852.685643
00:50:56.220031Z,2013.88,1653007856.220031
00:51:02.705165Z,2013.99,1653007862.705165
00:51:06.313993Z,2013.28,1653007866.313993
00:51:12.599595Z,2013,1653007872.599595
00:51:16.789144Z,2013.16,1653007876.789144
00:51:22.108023Z,2012.68,1653007882.108023
00:51:27.814884Z,2012,1653007887.814884
00:51:31.911805Z,2012.16,1653007891.911805
00:51:38.284162Z,2012.38,1653007898.284162
00:51:41.928791Z,2012,1653007901.928791
00:51:48.755735Z,2011.46,1653007908.755735
00:51:51.555640Z,2011.8,1653007911.55564
00:51:58.732960Z,2011.98,1653007918.73296
00:52:02.616933Z,2012.41,1653007922.616933
00:52:08.974406Z,2012.53,1653007928.974406
00:52:11.887807Z,2012.81,1653007931.887807
00:52:17.047006Z,2013.68,1653007937.047006
00:52:22.095473Z,2014.5,1653007942.095473
00:52:25.398688Z,2014.62,1653007945.398688
00:52:31.419055Z,2013.96,1653007951.419055
00:52:38.576390Z,2014.12,1653007958.57639
00:52:42.888293Z,2014.13,1653007962.888293
00:52:48.460529Z,2014.13,1653007968.460529
00:52:53.244420Z,2014.63,1653007973.24442
00:52:57.644512Z,2014.16,1653007977.644512
00:53:02.556409Z,2013.9,1653007982.556409
00:53:08.656507Z,2014.7,1653007988.656507
00:53:12.304197Z,2013.51,1653007992.304197
00:53:18.626359Z,2013.27,1653007998.626359
00:53:24.821437Z,2012.82,1653008004.821437
00:53:28.889154Z,2012.49,1653008008.889154
00:53:34.477117Z,2012.37,1653008014.477117
00:53:39.639631Z,2011.63,1653008019.639631
00:53:43.597306Z,2012.06,1653008023.597306
00:53:49.908786Z,2012.8,1653008029.908786
00:53:52.643074Z,2012.98,1653008032.643074
00:53:58.986410Z,2015.68,1653008038.98641
00:54:04.648720Z,2015.26,1653008044.64872
00:54:10.016833Z,2014.74,1653008050.016833
00:54:15.150520Z,2015.72,1653008055.15052
00:54:19.300984Z,2015.57,1653008059.300984
00:54:25.131022Z,2015.43,1653008065.131022
00:54:29.297216Z,2015.17,1653008069.297216
00:54:35.064019Z,2014.63,1653008075.064019
00:54:39.818687Z,2015.09,1653008079.818687
00:54:43.844478Z,2014.64,1653008083.844478
00:54:48.018321Z,2014.39,1653008088.018321
00:54:55.544658Z,2014.75,1653008095.544658
00:54:57.626300Z,2014.86,1653008097.6263
00:55:05.040069Z,2015.15,1653008105.040069
00:55:09.875206Z,2014.57,1653008109.875206
00:55:14.231740Z,2014.14,1653008114.23174
00:55:19.925089Z,2014.63,1653008119.925089
00:55:26.016054Z,2014.46,1653008126.016054
00:55:28.769781Z,2014.36,1653008128.769781
00:55:36.103815Z,2014.72,1653008136.103815
00:55:39.833679Z,2014.73,1653008139.833679
00:55:45.568288Z,2014.46,1653008145.568288
00:55:49.303306Z,2014.75,1653008149.303306
00:55:55.253556Z,2014.73,1653008155.253556
00:55:59.646745Z,2014.75,1653008159.646745
00:56:06.156409Z,2013.27,1653008166.156409
00:56:09.734060Z,2013.12,1653008169.73406
00:56:15.515386Z,2012.74,1653008175.515386
00:56:21.539594Z,2011.82,1653008181.539594
00:56:24.639263Z,2011.39,1653008184.639263
00:56:29.662074Z,2011.02,1653008189.662074
00:56:35.590791Z,2011.46,1653008195.590791
00:56:38.806252Z,2011.27,1653008198.806252
00:56:44.750850Z,2012.01,1653008204.75085
00:56:49.784577Z,2011.99,1653008209.784577
00:56:53.585863Z,2011.36,1653008213.585863
00:57:00.620966Z,2011.38,1653008220.620966
00:57:05.803252Z,2010.81,1653008225.803252
00:57:09.615040Z,2010.56,1653008229.61504
00:57:15.587401Z,2010.78,1653008235.587401
00:57:19.724639Z,2010.72,1653008239.724639
00:57:25.480391Z,2011.21,1653008245.480391
00:57:30.887376Z,2012.06,1653008250.887376
00:57:36.633985Z,2012.07,1653008256.633985
00:57:40.937980Z,2012.49,1653008260.93798
00:57:44.559373Z,2011.59,1653008264.559373
00:57:48.567329Z,2011.98,1653008268.567329
00:57:56.615172Z,2011.9,1653008276.615172
00:58:00.792924Z,2012.13,1653008280.792924
00:58:05.897527Z,2013.05,1653008285.897527
00:58:10.591834Z,2012.72,1653008290.591834
00:58:15.916035Z,2013.06,1653008295.916035
00:58:19.866060Z,2012.76,1653008299.86606
00:58:27.121339Z,2012.84,1653008307.121339
00:58:30.758961Z,2012.58,1653008310.758961
00:58:34.118954Z,2012.68,1653008314.118954
00:58:42.493572Z,2012.87,1653008322.493572
00:58:47.119715Z,2012.82,1653008327.119715
00:58:51.987852Z,2012.91,1653008331.987852
00:58:57.415784Z,2012.52,1653008337.415784
00:59:03.213513Z,2012.67,1653008343.213513
00:59:06.914188Z,2012.66,1653008346.914188
00:59:12.729870Z,2012.67,1653008352.72987
00:59:17.343289Z,2012.67,1653008357.343289
00:59:21.363774Z,2013.69,1653008361.363774
00:59:27.410042Z,2013.61,1653008367.410042
00:59:33.766791Z,2013.64,1653008373.766791
00:59:39.033217Z,2013.64,1653008379.033217
00:59:43.179829Z,2013.64,1653008383.179829
00:59:48.624682Z,2013.59,1653008388.624682
00:59:53.430321Z,2013.84,1653008393.430321
00:59:59.204354Z,2013.72,1653008399.204354
01:00:02.867152Z,2013.09,1653008402.867152
01:00:09.121456Z,2012.88,1653008409.121456
01:00:13.780424Z,2012.88,1653008413.780424
01:00:17.697491Z,2012.54,1653008417.697491
01:00:24.549087Z,2011.98,1653008424.549087
01:00:28.290617Z,2011.33,1653008428.290617
01:00:33.873197Z,2011.34,1653008433.873197
01:00:38.600157Z,2011.16,1653008438.600157
01:00:44.602521Z,2011.28,1653008444.602521
01:00:48.664580Z,2011.32,1653008448.66458
01:00:54.142569Z,2011.28,1653008454.142569
01:00:59.027909Z,2010.54,1653008459.027909
01:01:04.033103Z,2010.87,1653008464.033103
01:01:08.947532Z,2010.75,1653008468.947532
01:01:14.485004Z,2011.36,1653008474.485004
01:01:18.256Z,2010.58,1653008478.000256
01:01:24.874552Z,2010.34,1653008484.874552
01:01:29.734247Z,2010.06,1653008489.734247
01:01:33.669536Z,2010.63,1653008493.669536
01:01:39.185530Z,2010.5,1653008499.18553
01:01:45.112076Z,2011.34,1653008505.112076
01:01:48.529030Z,2011.92,1653008508.52903
01:01:55.212904Z,2011.35,1653008515.212904
01:01:58.139066Z,2011.92,1653008518.139066
01:02:04.016800Z,2012.16,1653008524.0168
01:02:09.870900Z,2012.59,1653008529.8709
01:02:15.477682Z,2012.89,1653008535.477682
01:02:18.942076Z,2012.68,1653008538.942076
01:02:24.170266Z,2012.57,1653008544.170266
01:02:29.202417Z,2012.89,1653008549.202417
01:02:34.370276Z,2011.8,1653008554.370276
01:02:38.818574Z,2011.95,1653008558.818574
01:02:45.253629Z,2011.2,1653008565.253629
01:02:48.452835Z,2010.54,1653008568.452835
01:02:52.919008Z,2010.24,1653008572.919008
01:02:59.062948Z,2009.62,1653008579.062948
01:03:05.748979Z,2009.76,1653008585.748979
01:03:08.720355Z,2009.49,1653008588.720355
01:03:15.792271Z,2009.52,1653008595.792271
01:03:19.767734Z,2009.52,1653008599.767734
01:03:25.500906Z,2009.49,1653008605.500906
01:03:29.866080Z,2008.44,1653008609.86608
01:03:36.021538Z,2008.04,1653008616.021538
01:03:38.594446Z,2008.25,1653008618.594446
01:03:45.910202Z,2007.6,1653008625.910202
01:03:48.469799Z,2007.6,1653008628.469799
01:03:55.945417Z,2007.83,1653008635.945417
01:03:59.699748Z,2007.82,1653008639.699748
01:04:05.403191Z,2007.85,1653008645.403191
01:04:09.443694Z,2006.88,1653008649.443694
01:04:15.269274Z,2007.2,1653008655.269274
01:04:19.947451Z,2005.61,1653008659.947451
01:04:24.731155Z,2006.53,1653008664.731155
01:04:29.646483Z,2006.55,1653008669.646483
01:04:33.465081Z,2006.1,1653008673.465081
01:04:38.888675Z,2005.99,1653008678.888675
01:04:45.946607Z,2005.71,1653008685.946607
01:04:49.594899Z,2006.05,1653008689.594899
01:04:55.213487Z,2005.96,1653008695.213487
01:04:59.622627Z,2006.48,1653008699.622627
01:05:05.200634Z,2005.48,1653008705.200634
01:05:10.003953Z,2005.9,1653008710.003953
01:05:15.400426Z,2004.08,1653008715.400426
01:05:21.726678Z,2004.3,1653008721.726678
01:05:24.584827Z,2003.61,1653008724.584827
01:05:31.457964Z,2003.85,1653008731.457964
01:05:36.175305Z,2003.75,1653008736.175305
01:05:42.004817Z,2003.43,1653008742.004817
01:05:46.401025Z,2002.35,1653008746.401025
01:05:51.562739Z,2002.41,1653008751.562739
01:05:55.654301Z,2001.59,1653008755.654301
01:06:02.138290Z,2003.19,1653008762.13829
01:06:05.956652Z,2003.26,1653008765.956652
01:06:12.156207Z,2003.41,1653008772.156207
01:06:15.502033Z,2004.45,1653008775.502033
01:06:22.101437Z,2004.44,1653008782.101437
01:06:25.123792Z,2004.48,1653008785.123792
01:06:31.868243Z,2003.33,1653008791.868243
01:06:35.791574Z,2003.17,1653008795.791574
01:06:41.571335Z,2003.91,1653008801.571335
01:06:45.573485Z,2003.77,1653008805.573485
01:06:49.061607Z,2003.91,1653008809.061607
01:06:55.902019Z,2003.64,1653008815.902019
01:07:01.884424Z,2004.23,1653008821.884424
01:07:06.984948Z,2004.45,1653008826.984948
01:07:11.111491Z,2005.03,1653008831.111491
01:07:15.887912Z,2005.08,1653008835.887912
01:07:22.465515Z,2006.67,1653008842.465515
01:07:26.122020Z,2007.12,1653008846.12202
01:07:32.725212Z,2007.03,1653008852.725212
01:07:37.387854Z,2006.35,1653008857.387854
01:07:41.575783Z,2006.25,1653008861.575783
01:07:47.480015Z,2005.98,1653008867.480015
01:07:52.570635Z,2006.17,1653008872.570635
01:07:56.921686Z,2004.79,1653008876.921686
01:08:02.946542Z,2004.15,1653008882.946542
01:08:05.990810Z,2004.57,1653008885.99081
01:08:11.795047Z,2004.64,1653008891.795047
01:08:16.434373Z,2004.88,1653008896.434373
01:08:21.068032Z,2005.05,1653008901.068032
01:08:27.336130Z,2005.02,1653008907.33613
01:08:32.626784Z,2005.18,1653008912.626784
01:08:36.299132Z,2004.88,1653008916.299132
01:08:43.551684Z,2005,1653008923.551684
01:08:45.940800Z,2005.67,1653008925.9408
01:08:53.200031Z,2005.53,1653008933.200031
01:08:56.807006Z,2005.3,1653008936.807006
01:09:00.325849Z,2005.4,1653008940.325849
01:09:06.017729Z,2005.7,1653008946.017729
01:09:11.835593Z,2004.71,1653008951.835593
01:09:16.646023Z,2004.64,1653008956.646023
01:09:22.546042Z,2004.43,1653008962.546042
01:09:25.845939Z,2003.84,1653008965.845939
01:09:32.463001Z,2005.17,1653008972.463001
01:09:38.692116Z,2004.88,1653008978.692116
01:09:41.711713Z,2004.94,1653008981.711713
01:09:47.794779Z,2004.67,1653008987.794779
01:09:53.115Z,2004.89,1653008993.000115
01:09:58.780055Z,2005.14,1653008998.780055
01:10:02.610471Z,2005.1,1653009002.610471
01:10:07.862630Z,2005.58,1653009007.86263
01:10:12.825535Z,2005.59,1653009012.825535
01:10:18.385126Z,2005.63,1653009018.385126
01:10:21.570521Z,2005.76,1653009021.570521
01:10:28.721122Z,2005.82,1653009028.721122
01:10:32.448756Z,2007.41,1653009032.448756
01:10:37.989457Z,2008.86,1653009037.989457
01:10:42.901982Z,2008.1,1653009042.901982
01:10:48.493423Z,2007.6,1653009048.493423
01:10:52.179740Z,2006.94,1653009052.17974
01:10:58.692846Z,2007.36,1653009058.692846
01:11:02.663100Z,2006.94,1653009062.6631
01:11:07.386985Z,2007.05,1653009067.386985
01:11:12.673972Z,2007.2,1653009072.673972
01:11:17.528626Z,2007.11,1653009077.528626
01:11:22.882256Z,2007.79,1653009082.882256
01:11:28.655328Z,2008.2,1653009088.655328
01:11:31.749669Z,2008.29,1653009091.749669
01:11:38.793405Z,2008.55,1653009098.793405
01:11:42.833985Z,2008.58,1653009102.833985
01:11:48.662674Z,2008.84,1653009108.662674
01:11:52.498255Z,2008.16,1653009112.498255
01:11:58.544581Z,2008.15,1653009118.544581
01:12:01.956888Z,2007.48,1653009121.956888
01:12:08.921069Z,2006.95,1653009128.921069
01:12:11.669254Z,2006.55,1653009131.669254
01:12:18.760607Z,2006.63,1653009138.760607
01:12:24.789704Z,2006.46,1653009144.789704
01:12:28.934671Z,2006.96,1653009148.934671
01:12:34.984285Z,2007.94,1653009154.984285
01:12:39.455476Z,2008.12,1653009159.455476
01:12:44.726818Z,2007.85,1653009164.726818
01:12:49.250054Z,2007.73,1653009169.250054
01:12:54.946282Z,2006.55,1653009174.946282
01:12:59.835739Z,2005.73,1653009179.835739
01:13:04.748952Z,2006.3,1653009184.748952
01:13:09.949548Z,2006.38,1653009189.949548
01:13:13.153362Z,2006.05,1653009193.153362
01:13:19.548826Z,2006.09,1653009199.548826
01:13:24.236022Z,2006.34,1653009204.236022
01:13:29.634925Z,2007.15,1653009209.634925
01:13:34.052977Z,2006.5,1653009214.052977
01:13:39.656236Z,2007.09,1653009219.656236
01:13:45.230237Z,2008.4,1653009225.230237
01:13:48.318486Z,2008.62,1653009228.318486
01:13:53.923096Z,2008.54,1653009233.923096
01:13:59.664617Z,2007.82,1653009239.664617
01:14:05.015024Z,2008.54,1653009245.015024
01:14:09.833946Z,2008.26,1653009249.833946
01:14:14.477548Z,2007.68,1653009254.477548
01:14:19.782101Z,2007.99,1653009259.782101
01:14:24.203358Z,2008.39,1653009264.203358
01:14:30.835447Z,2007.89,1653009270.835447
01:14:34.804553Z,2007.91,1653009274.804553
01:14:39.911809Z,2007.85,1653009279.911809
01:14:44.528514Z,2007.01,1653009284.528514
01:14:50.168827Z,2006.76,1653009290.168827
01:14:54.207186Z,2006.39,1653009294.207186
01:14:57.561811Z,2006.4,1653009297.561811
01:15:04.435222Z,2006.49,1653009304.435222
01:15:10.762303Z,2005.81,1653009310.762303
01:15:14.724821Z,2007.6,1653009314.724821
01:15:20.064189Z,2007.81,1653009320.064189
01:15:24.108131Z,2007.5,1653009324.108131
01:15:30.149132Z,2007.41,1653009330.149132
01:15:34.518013Z,2007.46,1653009334.518013
01:15:39.878971Z,2007.65,1653009339.878971
01:15:44.089958Z,2008.39,1653009344.089958
01:15:50.118710Z,2008.21,1653009350.11871
01:15:54.957296Z,2008.2,1653009354.957296
01:16:00.752148Z,2008.32,1653009360.752148
01:16:04.255359Z,2008.57,1653009364.255359
01:16:10.952543Z,2008.8,1653009370.952543
01:16:14.272435Z,2009.02,1653009374.272435
01:16:20.796080Z,2008.16,1653009380.79608
01:16:25.994228Z,2008.4,1653009385.994228
01:16:29.716459Z,2007.88,1653009389.716459
01:16:34.731228Z,2007.42,1653009394.731228
01:16:41.595230Z,2006.96,1653009401.59523
01:16:46.701535Z,2006.59,1653009406.701535
01:16:50.829950Z,2006.7,1653009410.82995
01:16:54.621657Z,2006.53,1653009414.621657
01:17:01.629722Z,2006.72,1653009421.629722
01:17:06.253859Z,2006.77,1653009426.253859
01:17:12.175153Z,2005.7,1653009432.175153
01:17:17.205966Z,2006.34,1653009437.205966
01:17:20.988009Z,2007.44,1653009440.988009
01:17:26.632845Z,2007.92,1653009446.632845
01:17:31.752717Z,2008.24,1653009451.752717
01:17:36.599675Z,2008.13,1653009456.599675
01:17:42.192625Z,2008.87,1653009462.192625
01:17:46.696040Z,2008.82,1653009466.69604
01:17:51.686075Z,2008.33,1653009471.686075
01:17:57.568958Z,2008.3,1653009477.568958
01:17:59.714402Z,2008.31,1653009479.714402
01:18:06.853493Z,2008.64,1653009486.853493
01:18:12.363059Z,2008.32,1653009492.363059
01:18:15.601855Z,2008.21,1653009495.601855
01:18:21.508034Z,2007.58,1653009501.508034
01:18:27.887447Z,2007.01,1653009507.887447
01:18:32.419083Z,2006.63,1653009512.419083
01:18:36.264708Z,2007.01,1653009516.264708
01:18:42.588906Z,2006.43,1653009522.588906
01:18:46.439872Z,2006.81,1653009526.439872
01:18:52.038730Z,2006.39,1653009532.03873
01:18:57.445087Z,2005.6,1653009537.445087
01:19:02.502532Z,2005.95,1653009542.502532
01:19:06.919904Z,2005.85,1653009546.919904
01:19:12.647200Z,2006.15,1653009552.6472
01:19:17.615073Z,2006.49,1653009557.615073
01:19:22.561773Z,2008.17,1653009562.561773
01:19:26.620412Z,2006.76,1653009566.620412
01:19:33.501853Z,2007.24,1653009573.501853
01:19:37.815604Z,2007.3,1653009577.815604
01:19:43.072364Z,2008.49,1653009583.072364
01:19:48.713451Z,2008.9,1653009588.713451
01:19:52.719998Z,2009.04,1653009592.719998
01:19:58.388865Z,2009.34,1653009598.388865
01:20:03.513650Z,2011.14,1653009603.51365
01:20:07.893583Z,2011.38,1653009607.893583
01:20:13.034140Z,2009.94,1653009613.03414
01:20:18.762666Z,2010.1,1653009618.762666
01:20:22.732381Z,2010.45,1653009622.732381
01:20:26.849744Z,2010.95,1653009626.849744
01:20:32.694031Z,2011.34,1653009632.694031
01:20:37.716245Z,2011.26,1653009637.716245
01:20:41.919103Z,2011.25,1653009641.919103
01:20:47.799732Z,2011.69,1653009647.799732
01:20:52.899237Z,2011.1,1653009652.899237
01:20:57.835623Z,2011.15,1653009657.835623
01:21:03.121754Z,2011.4,1653009663.121754
01:21:06.200368Z,2011.59,1653009666.200368
01:21:12.612774Z,2011.31,1653009672.612774
01:21:19.164064Z,2011.56,1653009679.164064
01:21:23.772614Z,2011.4,1653009683.772614
01:21:28.287459Z,2011.22,1653009688.287459
01:21:33.034960Z,2010.35,1653009693.03496
01:21:37.941099Z,2010.53,1653009697.941099
01:21:42.847160Z,2010.45,1653009702.84716
01:21:48.143278Z,2010.59,1653009708.143278
01:21:53.083234Z,2009.63,1653009713.083234
01:21:59.475982Z,2009.54,1653009719.475982
01:22:02.569465Z,2010.51,1653009722.569465
01:22:08.471953Z,2009.97,1653009728.471953
01:22:13.947724Z,2011.38,1653009733.947724
01:22:19.525452Z,2011.48,1653009739.525452
01:22:23.949336Z,2011.99,1653009743.949336
01:22:28.727128Z,2012.09,1653009748.727128
01:22:34.892855Z,2012.72,1653009754.892855
01:22:39.909265Z,2013.19,1653009759.909265
01:22:43.027699Z,2013.9,1653009763.027699
01:22:49.278500Z,2014.61,1653009769.2785
01:22:53.551945Z,2014.5,1653009773.551945
01:22:59.858375Z,2015.61,1653009779.858375
01:23:03.927113Z,2015.15,1653009783.927113
01:23:09.720598Z,2015.94,1653009789.720598
01:23:14.738174Z,2015.97,1653009794.738174
01:23:16.698392Z,2016.02,1653009796.698392
01:23:24.904617Z,2017,1653009804.904617
01:23:29.837403Z,2016.84,1653009809.837403
01:23:34.944893Z,2018.78,1653009814.944893
01:23:39.591606Z,2018.64,1653009819.591606
01:23:43.807674Z,2019.09,1653009823.807674
01:23:49.619131Z,2019.39,1653009829.619131
01:23:54.413854Z,2018.85,1653009834.413854
01:23:59.798486Z,2018.06,1653009839.798486
01:24:05.114156Z,2018.13,1653009845.114156
01:24:09.673577Z,2019.14,1653009849.673577
01:24:15.618776Z,2019.64,1653009855.618776
01:24:19.647458Z,2020.06,1653009859.647458
01:24:24.179787Z,2020.2,1653009864.179787
01:24:29.912627Z,2020.65,1653009869.912627
01:24:34.773544Z,2020.57,1653009874.773544
01:24:38.824173Z,2019.8,1653009878.824173
01:24:45.060224Z,2020.13,1653009885.060224
01:24:51.080925Z,2019.82,1653009891.080925
01:24:54.983613Z,2020.19,1653009894.983613
01:25:00.866011Z,2020.15,1653009900.866011
01:25:06.286590Z,2020.3,1653009906.28659
01:25:09.204498Z,2020.64,1653009909.204498
01:25:14.742892Z,2020.11,1653009914.742892
01:25:19.628229Z,2021.37,1653009919.628229
01:25:26.784667Z,2021.13,1653009926.784667
01:25:31.530863Z,2020.77,1653009931.530863
01:25:34.891316Z,2020.35,1653009934.891316
01:25:40.819948Z,2021.59,1653009940.819948
01:25:46.018905Z,2022.06,1653009946.018905
01:25:51.648846Z,2021.67,1653009951.648846
01:25:56.177101Z,2021.93,1653009956.177101
01:26:01.350697Z,2022.09,1653009961.350697
01:26:07.213870Z,2021.45,1653009967.21387
01:26:08.875598Z,2021.03,1653009968.875598
01:26:17.317200Z,2020.41,1653009977.3172
01:26:22.248081Z,2018.32,1653009982.248081
01:26:25.848827Z,2018.28,1653009985.848827
01:26:30.729266Z,2019.52,1653009990.729266
01:26:37.511254Z,2019.4,1653009997.511254
01:26:40.263085Z,2019.72,1653010000.263085
01:26:47.233202Z,2019.42,1653010007.233202
01:26:52.558376Z,2019.5,1653010012.558376
01:26:57.460251Z,2019.35,1653010017.460251
01:27:01.413860Z,2019.24,1653010021.41386
01:27:06.238351Z,2019.39,1653010026.238351
01:27:11.867762Z,2019.15,1653010031.867762
01:27:16.930186Z,2018.32,1653010036.930186
01:27:22.479912Z,2018.14,1653010042.479912
01:27:26.798389Z,2017.68,1653010046.798389
01:27:31.760649Z,2017.41,1653010051.760649
01:27:37.071326Z,2018.16,1653010057.071326
01:27:43.024678Z,2018.94,1653010063.024678
01:27:45.304744Z,2018.77,1653010065.304744
01:27:52.975512Z,2019.24,1653010072.975512
01:27:57.963585Z,2018.72,1653010077.963585
01:28:02.007046Z,2019.42,1653010082.007046
01:28:07.484123Z,2019.81,1653010087.484123
01:28:13.400759Z,2019.99,1653010093.400759
01:28:18.493480Z,2019.83,1653010098.49348
01:28:21.335091Z,2020.39,1653010101.335091
01:28:27.597826Z,2021.38,1653010107.597826
01:28:31.665472Z,2022.04,1653010111.665472
01:28:37.285158Z,2021,1653010117.285158
01:28:42.097651Z,2021.94,1653010122.097651
01:28:46.826652Z,2021.73,1653010126.826652
01:28:52.040090Z,2022.04,1653010132.04009
01:28:56.494610Z,2021.31,1653010136.49461
01:29:03.771692Z,2020.88,1653010143.771692
01:29:08.259513Z,2020.01,1653010148.259513
01:29:12.893277Z,2019.66,1653010152.893277
01:29:18.586166Z,2019.76,1653010158.586166
01:29:23.078883Z,2018.59,1653010163.078883
01:29:28.952171Z,2020.35,1653010168.952171
01:29:33.112191Z,2022.11,1653010173.112191
01:29:36.666526Z,2021.33,1653010176.666526
01:29:43.160201Z,2022.1,1653010183.160201
01:29:48.048897Z,2021.27,1653010188.048897
01:29:53.945683Z,2021.19,1653010193.945683
01:29:59.187828Z,2020.93,1653010199.187828
01:30:03.688495Z,2022.06,1653010203.688495
01:30:09.551846Z,2020.66,1653010209.551846
01:30:14.693689Z,2020.56,1653010214.693689
01:30:17.667061Z,2019.7,1653010217.667061
01:30:23.467455Z,2020.21,1653010223.467455
01:30:27.853540Z,2021.04,1653010227.85354
01:30:34.491247Z,2021.47,1653010234.491247
01:30:38.609457Z,2021.03,1653010238.609457
01:30:43.477933Z,2021.69,1653010243.477933
01:30:45.990576Z,2021.58,1653010245.990576
01:30:54.509158Z,2021.41,1653010254.509158
01:30:58.251497Z,2021.4,1653010258.251497
01:31:04.908331Z,2021.39,1653010264.908331
01:31:08.719990Z,2022.43,1653010268.71999
01:31:15.017294Z,2022.69,1653010275.017294
01:31:19.716453Z,2023.22,1653010279.716453
01:31:25.397805Z,2023.55,1653010285.397805
01:31:29.552903Z,2023.75,1653010289.552903
01:31:34.682940Z,2023.48,1653010294.68294
01:31:39.184984Z,2024,1653010299.184984
01:31:45.494013Z,2025.54,1653010305.494013
01:31:49.320490Z,2026.56,1653010309.32049
01:31:54.664142Z,2026.37,1653010314.664142
01:31:59.824504Z,2029.14,1653010319.824504
01:32:05.539856Z,2028.71,1653010325.539856
01:32:09.116757Z,2028.08,1653010329.116757
01:32:15.521301Z,2029.1,1653010335.521301
01:32:20.812621Z,2029.24,1653010340.812621
01:32:24.387155Z,2027.66,1653010344.387155
01:32:30.867183Z,2029.06,1653010350.867183
01:32:34.854663Z,2029.89,1653010354.854663
01:32:41.005780Z,2028.63,1653010361.00578
01:32:44.721216Z,2028.67,1653010364.721216
01:32:50.773330Z,2030.36,1653010370.77333
01:32:54.653018Z,2030.3,1653010374.653018
01:33:00.790459Z,2030,1653010380.790459
01:33:04.889324Z,2030.62,1653010384.889324
01:33:10.417736Z,2030.69,1653010390.417736
01:33:14.138304Z,2030.56,1653010394.138304
01:33:20.786789Z,2031.65,1653010400.786789
