2022-05-20,BTC-USD
Time,Price,UnixTime
00:00:00.107042Z,30274.59,1653004800.107042
00:00:05.084642Z,30274.57,1653004805.084642
00:00:10.613148Z,30274.53,1653004810.613148
00:00:16.004005Z,30269.55,1653004816.004005
00:00:20.652942Z,30269.56,1653004820.652942
00:00:26.360127Z,30256.81,1653004826.360127
00:00:30.999188Z,30256.17,1653004830.999188
00:00:36.343534Z,30250.82,1653004836.343534
00:00:40.034101Z,30252.08,1653004840.034101
00:00:46.397573Z,30246.43,1653004846.397573
00:00:50.101846Z,30257.89,1653004850.101846
00:00:56.596230Z,30280.1,1653004856.59623
00:00:59.928161Z,30258.84,1653004859.928161
00:01:06.653878Z,30259.68,1653004866.653878
00:01:10.044622Z,30258.92,1653004870.044622
00:01:16.692141Z,30251.46,1653004876.692141
00:01:21.886053Z,30258.66,1653004881.886053
00:01:26.674747Z,30251.26,1653004886.674747
00:01:31.615247Z,30247.56,1653004891.615247
00:01:35.418011Z,30243.13,1653004895.418011
00:01:41.662239Z,30242.43,1653004901.662239
00:01:46.715825Z,30240.84,1653004906.715825
00:01:51.961279Z,30236.8,1653004911.961279
00:01:57.115855Z,30222.92,1653004917.115855
00:02:00.750812Z,30216.37,1653004920.750812
00:02:05.852401Z,30219.95,1653004925.852401
00:02:12.272860Z,30206,1653004932.27286
00:02:16.886098Z,30215.16,1653004936.886098
00:02:21.668630Z,30220.89,1653004941.66863
00:02:25.571881Z,30223.25,1653004945.571881
00:02:32.613281Z,30225.24,1653004952.613281
00:02:35.881291Z,30236.11,1653004955.881291
00:02:41.747425Z,30246.44,1653004961.747425
00:02:46.492839Z,30256.23,1653004966.492839
00:02:51.852495Z,30244.35,1653004971.852495
00:02:57.828782Z,30258.8,1653004977.828782
00:03:02.806896Z,30268,1653004982.806896
00:03:06.821077Z,30270.35,1653004986.821077
00:03:13.140133Z,30274.59,1653004993.140133
00:03:17.496207Z,30278.5,1653004997.496207
00:03:21.520864Z,30277.75,1653005001.520864
00:03:26.512497Z,30288.34,1653005006.512497
00:03:32.376962Z,30290.23,1653005012.376962
00:03:36.567537Z,30292.94,1653005016.567537
00:03:43.417161Z,30286.46,1653005023.417161
00:03:46.950574Z,30264.25,1653005026.950574
00:03:53.222768Z,30257.4,1653005033.222768
00:03:58.495179Z,30245.61,1653005038.495179
00:04:02.100638Z,30237.9,1653005042.100638
00:04:08.504736Z,30234.83,1653005048.504736
00:04:10.489211Z,30247.01,1653005050.489211
00:04:16.382285Z,30234.71,1653005056.382285
00:04:23.465865Z,30250.41,1653005063.465865
00:04:28.544995Z,30264.09,1653005068.544995
00:04:32.954047Z,30268.37,1653005072.954047
00:04:38.657609Z,30262.31,1653005078.657609
00:04:43.385124Z,30268.65,1653005083.385124
00:04:48.492178Z,30274.15,1653005088.492178
00:04:53.299322Z,30280.66,1653005093.299322
00:04:59.145086Z,30269.63,1653005099.145086
00:05:02.489991Z,30278.33,1653005102.489991
00:05:07.910403Z,30266.92,1653005107.910403
00:05:13.924539Z,30272.59,1653005113.924539
00:05:18.888303Z,30257.66,1653005118.888303
00:05:24.320715Z,30244.76,1653005124.320715
00:05:28.919147Z,30232.74,1653005128.919147
00:05:34.649954Z,30224.17,1653005134.649954
00:05:39.488993Z,30227.45,1653005139.488993
00:05:43.951139Z,30227.33,1653005143.951139
00:05:48.164030Z,30227.33,1653005148.16403
00:05:54.000608Z,30231,1653005154.000608
00:05:59.732696Z,30250,1653005159.732696
00:06:04.929160Z,30260.42,1653005164.92916
00:06:09.290222Z,30258.37,1653005169.290222
00:06:14.834858Z,30266.99,1653005174.834858
00:06:20.069345Z,30278.94,1653005180.069345
00:06:24.971768Z,30268.25,1653005184.971768
00:06:28.411763Z,30254.02,1653005188.411763
00:06:33.716808Z,30274.04,1653005193.716808
00:06:39.850993Z,30272.39,1653005199.850993
00:06:45.091117Z,30272.4,1653005205.091117
00:06:48.747750Z,30281.41,1653005208.74775
00:06:55.250978Z,30284.61,1653005215.250978
00:06:59.701724Z,30288,1653005219.701724
00:07:05.380687Z,30301.97,1653005225.380687
00:07:09.216835Z,30314.02,1653005229.216835
00:07:15.234311Z,30304.65,1653005235.234311
00:07:20.146934Z,30308.03,1653005240.146934
00:07:25.846967Z,30297.86,1653005245.846967
00:07:29.776951Z,30300.47,1653005249.776951
00:07:35.844540Z,30286.25,1653005255.84454
00:07:40.441738Z,30286.2,1653005260.441738
00:07:45.592342Z,30276.54,1653005265.592342
00:07:50.897930Z,30279.67,1653005270.89793
00:07:55.991156Z,30279.39,1653005275.991156
00:08:00.751400Z,30290.91,1653005280.7514
00:08:04.282618Z,30299,1653005284.282618
00:08:10.704934Z,30299.99,1653005290.704934
00:08:16.060213Z,30305.58,1653005296.060213
00:08:19.864015Z,30301.26,1653005299.864015
00:08:24.734932Z,30290.99,1653005304.734932
00:08:30.115707Z,30289.76,1653005310.115707
00:08:35.204221Z,30281.79,1653005315.204221
00:08:40.166019Z,30294.76,1653005320.166019
00:08:45.138657Z,30293.94,1653005325.138657
00:08:51.448063Z,30289.94,1653005331.448063
00:08:55.284124Z,30299.55,1653005335.284124
00:09:00.513699Z,30309.78,1653005340.513699
00:09:05.450125Z,30292.16,1653005345.450125
00:09:11.679243Z,30287.83,1653005351.679243
00:09:15.278754Z,30279.68,1653005355.278754
00:09:21.730745Z,30287.87,1653005361.730745
00:09:25.859375Z,30293.94,1653005365.859375
00:09:30.821380Z,30295.43,1653005370.82138
00:09:36.196517Z,30282.04,1653005376.196517
00:09:40.147136Z,30291.18,1653005380.147136
00:09:45.842034Z,30290,1653005385.842034
00:09:52.280627Z,30275.34,1653005392.280627
00:09:57.232891Z,30270.07,1653005397.232891
00:10:01.108845Z,30267.35,1653005401.108845
00:10:05.769344Z,30275.41,1653005405.769344
00:10:11.414132Z,30274.89,1653005411.414132
00:10:16.561677Z,30269.82,1653005416.561677
00:10:20.769450Z,30267.98,1653005420.76945
00:10:26.806433Z,30267.26,1653005426.806433
00:10:32.281210Z,30272.88,1653005432.28121
00:10:36.829574Z,30275.38,1653005436.829574
00:10:42.319221Z,30278.51,1653005442.319221
00:10:46.943577Z,30278.69,1653005446.943577
00:10:50.756172Z,30276.8,1653005450.756172
00:10:57.717370Z,30276.34,1653005457.71737
00:11:02.417871Z,30274.92,1653005462.417871
00:11:07.423151Z,30266.28,1653005467.423151
00:11:12.501708Z,30263.28,1653005472.501708
00:11:17.752614Z,30267.66,1653005477.752614
00:11:23.169157Z,30264.36,1653005483.169157
00:11:26.818708Z,30264.7,1653005486.818708
00:11:31.762946Z,30268.23,1653005491.762946
00:11:38.103559Z,30268.02,1653005498.103559
00:11:42.180927Z,30266.25,1653005502.180927
00:11:48.515576Z,30256.01,1653005508.515576
00:11:53.581733Z,30256.01,1653005513.581733
00:11:58.317609Z,30256.94,1653005518.317609
00:12:03.846609Z,30269.64,1653005523.846609
00:12:08.602416Z,30268.78,1653005528.602416
00:12:13.739856Z,30256.83,1653005533.739856
00:12:18.822158Z,30251.68,1653005538.822158
00:12:23.759463Z,30238.92,1653005543.759463
00:12:28.492192Z,30243.13,1653005548.492192
00:12:33.748480Z,30252.71,1653005553.74848
00:12:39.378204Z,30250.53,1653005559.378204
00:12:43.381357Z,30251.02,1653005563.381357
00:12:48.121451Z,30246.24,1653005568.121451
00:12:52.546376Z,30242.88,1653005572.546376
00:12:59.551212Z,30215.77,1653005579.551212
00:13:02.156488Z,30205.05,1653005582.156488
00:13:09.431976Z,30221.29,1653005589.431976
00:13:14.243134Z,30199.2,1653005594.243134
00:13:18.031760Z,30201.63,1653005598.03176
00:13:22.731584Z,30196.17,1653005602.731584
00:13:29.893799Z,30204.54,1653005609.893799
00:13:34.847645Z,30202.94,1653005614.847645
00:13:38.821250Z,30214.39,1653005618.82125
00:13:44.731039Z,30199.63,1653005624.731039
00:13:50.066155Z,30198.4,1653005630.066155
00:13:54.663317Z,30197.35,1653005634.663317
00:13:59.968224Z,30198.67,1653005639.968224
00:14:04.779629Z,30201.21,1653005644.779629
00:14:09.501392Z,30208.65,1653005649.501392
00:14:13.566466Z,30212.82,1653005653.566466
00:14:18.847308Z,30204.66,1653005658.847308
00:14:24.958803Z,30204.65,1653005664.958803
00:14:29.784097Z,30209.1,1653005669.784097
00:14:34.145597Z,30204.66,1653005674.145597
00:14:38.192108Z,30210.61,1653005678.192108
00:14:44.231207Z,30216.49,1653005684.231207
00:14:50.703295Z,30215.06,1653005690.703295
00:14:54.387147Z,30211.47,1653005694.387147
00:14:59.420667Z,30211.43,1653005699.420667
00:15:05.749266Z,30197.3,1653005705.749266
00:15:09.439063Z,30203.48,1653005709.439063
00:15:14.978887Z,30203.48,1653005714.978887
00:15:20.041672Z,30220.4,1653005720.041672
00:15:24.627455Z,30222.36,1653005724.627455
00:15:30.824997Z,30234.29,1653005730.824997
00:15:35.191364Z,30230.38,1653005735.191364
00:15:39.730559Z,30232.11,1653005739.730559
00:15:44.786277Z,30234.51,1653005744.786277
00:15:49.874084Z,30230.77,1653005749.874084
00:15:55.862888Z,30237.06,1653005755.862888
00:16:00.134107Z,30244.59,1653005760.134107
00:16:05.953454Z,30236.34,1653005765.953454
00:16:09.820750Z,30229.79,1653005769.82075
00:16:16.241347Z,30225.75,1653005776.241347
00:16:20.006761Z,30224.06,1653005780.006761
00:16:25.826871Z,30222.54,1653005785.826871
00:16:30.120400Z,30221.37,1653005790.1204
00:16:36.418561Z,30209.9,1653005796.418561
00:16:40.602292Z,30210.65,1653005800.602292
00:16:44.473547Z,30219.18,1653005804.473547
00:16:50.128627Z,30218.71,1653005810.128627
00:16:55.949529Z,30217.21,1653005815.949529
00:17:00.891985Z,30217.21,1653005820.891985
00:17:05.840578Z,30222.18,1653005825.840578
00:17:10.054776Z,30220,1653005830.054776
00:17:15.931358Z,30220,1653005835.931358
00:17:21.592294Z,30220,1653005841.592294
00:17:26.420336Z,30219.99,1653005846.420336
00:17:31.931686Z,30210.74,1653005851.931686
00:17:36.957303Z,30220.95,1653005856.957303
00:17:40.872952Z,30230.28,1653005860.872952
00:17:47.030663Z,30228.02,1653005867.030663
00:17:51.450055Z,30224.01,1653005871.450055
00:17:56.928603Z,30232.34,1653005876.928603
00:18:01.482762Z,30233.27,1653005881.482762
00:18:06.835086Z,30228.71,1653005886.835086
00:18:11.815472Z,30227.2,1653005891.815472
00:18:16.373649Z,30222.77,1653005896.373649
00:18:22.454524Z,30213.01,1653005902.454524
00:18:27.496343Z,30209.93,1653005907.496343
00:18:32.620508Z,30207.42,1653005912.620508
00:18:36.726438Z,30205.59,1653005916.726438
00:18:41.417310Z,30205.22,1653005921.41731
00:18:47.842546Z,30211.94,1653005927.842546
00:18:52.568344Z,30204.79,1653005932.568344
00:18:57.812736Z,30210.16,1653005937.812736
00:19:03.040756Z,30211.94,1653005943.040756
00:19:07.786356Z,30222.72,1653005947.786356
00:19:13.083005Z,30208.91,1653005953.083005
00:19:18.106437Z,30208.64,1653005958.106437
00:19:22.528942Z,30210.28,1653005962.528942
00:19:28.313161Z,30200.2,1653005968.313161
00:19:32.126180Z,30200.45,1653005972.12618
00:19:38.343930Z,30202.57,1653005978.34393
00:19:43.591233Z,30193.99,1653005983.591233
00:19:48.218614Z,30195.45,1653005988.218614
00:19:51.812001Z,30198.44,1653005991.812001
00:19:58.526463Z,30190.89,1653005998.526463
00:20:03.821357Z,30180.84,1653006003.821357
00:20:08.808740Z,30181.18,1653006008.80874
00:20:13.708589Z,30175.75,1653006013.708589
00:20:18.803129Z,30173.7,1653006018.803129
00:20:23.939170Z,30173.77,1653006023.93917
00:20:29.063939Z,30174.07,1653006029.063939
00:20:33.117927Z,30173.07,1653006033.117927
00:20:39.160599Z,30149.11,1653006039.160599
00:20:43.279115Z,30149.13,1653006043.279115
00:20:49.229113Z,30145.12,1653006049.229113
00:20:53.762197Z,30151.69,1653006053.762197
00:20:57.814881Z,30167.68,1653006057.814881
00:21:04.108543Z,30169.25,1653006064.108543
00:21:07.826259Z,30166.16,1653006067.826259
00:21:13.234581Z,30174.04,1653006073.234581
00:21:18.844193Z,30162.77,1653006078.844193
00:21:24.651557Z,30136.3,1653006084.651557
00:21:29.788259Z,30132.33,1653006089.788259
00:21:34.612747Z,30147.86,1653006094.612747
00:21:39.661188Z,30146.75,1653006099.661188
00:21:44.820937Z,30146.74,1653006104.820937
00:21:49.754420Z,30145.93,1653006109.75442
00:21:53.869236Z,30137.64,1653006113.869236
00:22:00.014448Z,30135,1653006120.014448
00:22:05.326868Z,30128.01,1653006125.326868
00:22:10.403180Z,30137.85,1653006130.40318
00:22:15.540054Z,30123.08,1653006135.540054
00:22:20.144899Z,30134.75,1653006140.144899
00:22:24.991256Z,30138.58,1653006144.991256
00:22:30.636204Z,30138.56,1653006150.636204
00:22:35.602543Z,30146.14,1653006155.602543
00:22:40.446308Z,30141.77,1653006160.446308
00:22:44.615147Z,30141.96,1653006164.615147
00:22:50.503561Z,30143.62,1653006170.503561
00:22:54.900014Z,30143.62,1653006174.900014
00:22:59.857804Z,30145.61,1653006179.857804
00:23:05.963618Z,30135.87,1653006185.963618
00:23:10.778390Z,30145.68,1653006190.77839
00:23:15.337816Z,30142.11,1653006195.337816
00:23:20.397582Z,30143.78,1653006200.397582
00:23:26.205676Z,30142.92,1653006206.205676
00:23:30.036267Z,30145.65,1653006210.036267
00:23:36.341579Z,30148.5,1653006216.341579
00:23:40.098459Z,30150.3,1653006220.098459
00:23:44.431896Z,30146.19,1653006224.431896
00:23:51.464281Z,30146.29,1653006231.464281
00:23:55.547946Z,30145.67,1653006235.547946
00:24:01.733043Z,30149.6,1653006241.733043
00:24:06.429783Z,30154.99,1653006246.429783
00:24:11.696844Z,30140.02,1653006251.696844
00:24:16.728069Z,30140.25,1653006256.728069
00:24:21.892654Z,30142.62,1653006261.892654
00:24:26.082665Z,30147.98,1653006266.082665
00:24:31.127645Z,30147.89,1653006271.127645
00:24:36.929102Z,30140.9,1653006276.929102
00:24:41.463521Z,30148.03,1653006281.463521
00:24:46.471639Z,30151.67,1653006286.471639
00:24:51.708904Z,30153.73,1653006291.708904
00:24:57.014695Z,30143.49,1653006297.014695
00:25:01.082881Z,30141.98,1653006301.082881
00:25:05.715029Z,30144.94,1653006305.715029
00:25:10.856061Z,30144.97,1653006310.856061
00:25:16.122678Z,30144.28,1653006316.122678
00:25:20.866708Z,30141.66,1653006320.866708
00:25:26.019120Z,30141.63,1653006326.01912
00:25:32.593045Z,30135.34,1653006332.593045
00:25:35.284225Z,30137.14,1653006335.284225
00:25:41.646132Z,30139,1653006341.646132
00:25:46.423579Z,30138.45,1653006346.423579
00:25:51.464080Z,30136.16,1653006351.46408
00:25:56.874664Z,30144.71,1653006356.874664
00:26:02.630708Z,30144.97,1653006362.630708
00:26:06.814594Z,30144.97,1653006366.814594
00:26:12.350715Z,30144.97,1653006372.350715
00:26:17.241091Z,30136.57,1653006377.241091
00:26:22.406908Z,30141.79,1653006382.406908
00:26:26.200488Z,30145.16,1653006386.200488
00:26:31.340947Z,30146.03,1653006391.340947
00:26:36.883260Z,30147.25,1653006396.88326
00:26:42.526645Z,30146.53,1653006402.526645
00:26:47.789992Z,30143.58,1653006407.789992
00:26:52.986394Z,30141.45,1653006412.986394
00:26:58.134413Z,30145.09,1653006418.134413
00:27:02.729246Z,30136.41,1653006422.729246
00:27:08.490275Z,30137.22,1653006428.490275
00:27:13.177250Z,30135.27,1653006433.17725
00:27:18.638683Z,30133.76,1653006438.638683
00:27:23.145962Z,30133.76,1653006443.145962
00:27:27.563212Z,30125.47,1653006447.563212
00:27:33.493673Z,30122.56,1653006453.493673
00:27:38.280428Z,30122.08,1653006458.280428
00:27:43.788190Z,30122.52,1653006463.78819
00:27:48.003574Z,30122.83,1653006468.003574
00:27:53.859317Z,30122.45,1653006473.859317
00:27:59.058559Z,30121.45,1653006479.058559
00:28:02.678788Z,30118.59,1653006482.678788
00:28:08.398244Z,30118.59,1653006488.398244
00:28:12.691427Z,30118.59,1653006492.691427
00:28:19.031167Z,30109.85,1653006499.031167
00:28:24.418309Z,30107.86,1653006504.418309
00:28:27.840988Z,30107.86,1653006507.840988
00:28:34.060646Z,30107.85,1653006514.060646
00:28:39.641792Z,30107.86,1653006519.641792
00:28:43.382414Z,30129.01,1653006523.382414
00:28:49.509262Z,30136.47,1653006529.509262
00:28:54.046913Z,30134.39,1653006534.046913
00:28:59.463444Z,30134.89,1653006539.463444
00:29:04.761326Z,30126.12,1653006544.761326
00:29:08.991260Z,30121.45,1653006548.99126
00:29:14.725538Z,30126.12,1653006554.725538
00:29:20.014316Z,30108.72,1653006560.014316
00:29:25.114836Z,30111.23,1653006565.114836
00:29:29.996235Z,30111.23,1653006569.996235
00:29:35.034127Z,30111.23,1653006575.034127
00:29:39.006044Z,30109.49,1653006579.006044
00:29:44.966770Z,30102.47,1653006584.96677
00:29:50.363541Z,30102.45,1653006590.363541
00:29:55.350670Z,30102.47,1653006595.35067
00:29:59.544976Z,30111.22,1653006599.544976
00:30:05.413733Z,30108.6,1653006605.413733
00:30:08.224288Z,30094.9,1653006608.224288
00:30:14.424626Z,30094.9,1653006614.424626
00:30:19.620228Z,30114.87,1653006619.620228
00:30:24.877935Z,30110.65,1653006624.877935
00:30:30.037841Z,30106.88,1653006630.037841
00:30:35.876756Z,30114.31,1653006635.876756
00:30:40.877756Z,30111.9,1653006640.877756
00:30:44.695992Z,30131.98,1653006644.695992
00:30:50.549752Z,30131.94,1653006650.549752
00:30:55.408893Z,30131.94,1653006655.408893
00:31:01.010336Z,30131.94,1653006661.010336
00:31:06.127732Z,30131.94,1653006666.127732
00:31:10.830676Z,30130.05,1653006670.830676
00:31:14.801686Z,30141.66,1653006674.801686
00:31:21.116907Z,30149.99,1653006681.116907
00:31:25.603512Z,30148.27,1653006685.603512
00:31:29.753320Z,30149.86,1653006689.75332
00:31:35.812392Z,30155.5,1653006695.812392
00:31:39.932506Z,30159.72,1653006699.932506
00:31:46.070311Z,30161.81,1653006706.070311
00:31:48.987222Z,30159.53,1653006708.987222
00:31:56.206401Z,30165.89,1653006716.206401
00:32:01.405501Z,30175.27,1653006721.405501
00:32:05.929191Z,30175.61,1653006725.929191
00:32:10.490766Z,30168.29,1653006730.490766
00:32:16.352082Z,30161.61,1653006736.352082
00:32:20.276628Z,30160.81,1653006740.276628
00:32:26.772549Z,30160.6,1653006746.772549
00:32:31.881353Z,30157.76,1653006751.881353
00:32:35.535561Z,30156.89,1653006755.535561
00:32:41.720115Z,30155.56,1653006761.720115
00:32:47.016453Z,30154.71,1653006767.016453
00:32:50.381384Z,30147.96,1653006770.381384
00:32:55.457823Z,30146.95,1653006775.457823
00:33:01.940931Z,30146.52,1653006781.940931
00:33:06.790103Z,30146.52,1653006786.790103
00:33:10.870979Z,30146.52,1653006790.870979
00:33:16.763443Z,30146.52,1653006796.763443
00:33:21.134128Z,30140.74,1653006801.134128
00:33:27.488683Z,30144.7,1653006807.488683
00:33:31.366496Z,30138.78,1653006811.366496
00:33:37.576379Z,30135.64,1653006817.576379
00:33:42.560524Z,30143.81,1653006822.560524
00:33:46.848161Z,30143.81,1653006826.848161
00:33:52.690253Z,30147.3,1653006832.690253
00:33:57.710653Z,30152.55,1653006837.710653
00:34:02.621793Z,30159.72,1653006842.621793
00:34:07.947219Z,30158.86,1653006847.947219
00:34:12.701873Z,30159.41,1653006852.701873
00:34:18.171088Z,30164.42,1653006858.171088
00:34:21.339296Z,30164.42,1653006861.339296
00:34:27.818490Z,30169.06,1653006867.81849
00:34:33.128360Z,30170.76,1653006873.12836
00:34:38.189479Z,30163.25,1653006878.189479
00:34:42.843119Z,30161.4,1653006882.843119
00:34:46.614779Z,30162.76,1653006886.614779
00:34:51.714381Z,30162.77,1653006891.714381
00:34:57.849497Z,30162.77,1653006897.849497
00:35:02.661949Z,30157.78,1653006902.661949
00:35:07.559110Z,30155.33,1653006907.55911
00:35:13.505144Z,30153.17,1653006913.505144
00:35:18.771669Z,30150.18,1653006918.771669
00:35:22.699548Z,30147.7,1653006922.699548
00:35:28.974209Z,30145.37,1653006928.974209
00:35:34.106260Z,30145.38,1653006934.10626
00:35:39.180111Z,30151.1,1653006939.180111
00:35:43.826990Z,30153.55,1653006943.82699
00:35:48.320879Z,30157.29,1653006948.320879
00:35:53.452160Z,30157.84,1653006953.45216
00:35:59.119937Z,30157.58,1653006959.119937
00:36:04.318267Z,30157.57,1653006964.318267
00:36:08.976795Z,30157.58,1653006968.976795
00:36:14.206611Z,30157.58,1653006974.206611
00:36:19.817260Z,30153.72,1653006979.81726
00:36:24.534658Z,30171.8,1653006984.534658
00:36:29.449734Z,30164.78,1653006989.449734
00:36:34.575177Z,30167.99,1653006994.575177
00:36:39.016205Z,30166.49,1653006999.016205
00:36:43.857339Z,30178.85,1653007003.857339
00:36:49.074126Z,30181.85,1653007009.074126
00:36:55.026257Z,30183.75,1653007015.026257
00:36:59.021574Z,30180.3,1653007019.021574
00:37:04.260877Z,30176.37,1653007024.260877
00:37:08.645269Z,30179.23,1653007028.645269
00:37:13.308211Z,30182.63,1653007033.308211
00:37:19.343566Z,30186.15,1653007039.343566
00:37:23.366236Z,30187.13,1653007043.366236
00:37:29.478969Z,30191.53,1653007049.478969
00:37:34.146712Z,30190.57,1653007054.146712
00:37:38.595407Z,30181.07,1653007058.595407
00:37:44.309001Z,30176.34,1653007064.309001
00:37:50.644393Z,30177.58,1653007070.644393
00:37:53.929072Z,30174.09,1653007073.929072
00:38:00.388169Z,30175.85,1653007080.388169
00:38:04.477044Z,30175.71,1653007084.477044
00:38:10.908500Z,30164.52,1653007090.9085
00:38:14.328708Z,30161.58,1653007094.328708
00:38:19.848742Z,30155.18,1653007099.848742
00:38:25.673541Z,30155.18,1653007105.673541
00:38:30.682231Z,30155.18,1653007110.682231
00:38:33.956852Z,30159.94,1653007113.956852
00:38:41.200259Z,30159.95,1653007121.200259
00:38:43.719706Z,30157.82,1653007123.719706
00:38:51.288667Z,30181.9,1653007131.288667
00:38:56.296647Z,30179.87,1653007136.296647
00:39:01.464091Z,30182.57,1653007141.464091
00:39:05.744349Z,30182.09,1653007145.744349
00:39:11.662079Z,30191.97,1653007151.662079
00:39:15.996848Z,30190.6,1653007155.996848
00:39:20.963199Z,30212.72,1653007160.963199
00:39:26.644506Z,30234.74,1653007166.644506
00:39:31.003718Z,30221.57,1653007171.003718
00:39:35.562493Z,30223.3,1653007175.562493
00:39:41.330854Z,30224.31,1653007181.330854
00:39:45.859796Z,30224.16,1653007185.859796
00:39:51.843589Z,30217.84,1653007191.843589
00:39:56.235597Z,30211.72,1653007196.235597
00:40:01.550203Z,30198.7,1653007201.550203
00:40:05.823152Z,30207.17,1653007205.823152
00:40:11.286039Z,30205.63,1653007211.286039
00:40:17.341730Z,30201.92,1653007217.34173
00:40:21.462211Z,30200.23,1653007221.462211
00:40:26.803154Z,30200,1653007226.803154
00:40:32.417772Z,30207.2,1653007232.417772
00:40:36.286403Z,30197.74,1653007236.286403
00:40:40.624464Z,30194.37,1653007240.624464
00:40:45.667523Z,30196.61,1653007245.667523
00:40:50.906327Z,30201.62,1653007250.906327
00:40:55.767280Z,30201.83,1653007255.76728
00:41:02.266552Z,30203.82,1653007262.266552
00:41:07.516420Z,30216.02,1653007267.51642
00:41:12.751607Z,30215.93,1653007272.751607
00:41:17.471659Z,30223.48,1653007277.471659
00:41:21.212998Z,30240,1653007281.212998
00:41:26.541590Z,30229.21,1653007286.54159
00:41:31.896443Z,30236.15,1653007291.896443
00:41:37.761167Z,30238.41,1653007297.761167
00:41:41.008300Z,30239.27,1653007301.0083
00:41:47.090683Z,30250.66,1653007307.090683
00:41:51.799522Z,30257.03,1653007311.799522
00:41:57.383193Z,30257.01,1653007317.383193
00:42:02.295452Z,30246.76,1653007322.295452
00:42:06.757715Z,30237.16,1653007326.757715
00:42:12.690489Z,30248.68,1653007332.690489
00:42:17.367260Z,30253.47,1653007337.36726
00:42:23.047127Z,30244.75,1653007343.047127
00:42:27.702231Z,30255.12,1653007347.702231
00:42:33.155258Z,30255.26,1653007353.155258
00:42:38.344934Z,30244.96,1653007358.344934
00:42:43.497414Z,30248.26,1653007363.497414
00:42:48.319586Z,30246.09,1653007368.319586
00:42:51.959634Z,30245.7,1653007371.959634
00:42:58.007589Z,30246.87,1653007378.007589
00:43:03.891154Z,30232.57,1653007383.891154
00:43:08.019953Z,30235.34,1653007388.019953
00:43:13.894270Z,30226.51,1653007393.89427
00:43:18.761697Z,30226.23,1653007398.761697
00:43:23.642085Z,30236.18,1653007403.642085
00:43:28.825248Z,30227.46,1653007408.825248
00:43:33.783384Z,30222.45,1653007413.783384
00:43:39.372271Z,30217.86,1653007419.372271
00:43:42.960951Z,30217.85,1653007422.960951
00:43:49.054122Z,30214.45,1653007429.054122
00:43:53.747735Z,30210.84,1653007433.747735
00:43:59.381377Z,30209.49,1653007439.381377
00:44:04.318940Z,30209.69,1653007444.31894
00:44:08.892320Z,30209.56,1653007448.89232
00:44:13.978445Z,30216.95,1653007453.978445
00:44:18.693615Z,30213.21,1653007458.693615
00:44:24.566011Z,30213.22,1653007464.566011
00:44:29.536650Z,30214.98,1653007469.53665
00:44:33.915330Z,30217.75,1653007473.91533
00:44:35.870380Z,30222.23,1653007475.87038
00:44:44.509232Z,30236.35,1653007484.509232
00:44:49.665630Z,30229.22,1653007489.66563
00:44:54.425294Z,30265.66,1653007494.425294
00:44:59.662065Z,30254.56,1653007499.662065
00:45:04.872114Z,30267.73,1653007504.872114
00:45:07.836742Z,30260.21,1653007507.836742
00:45:13.922783Z,30258.27,1653007513.922783
00:45:18.749483Z,30253.6,1653007518.749483
00:45:24.671187Z,30253.6,1653007524.671187
00:45:29.518737Z,30260.33,1653007529.518737
00:45:34.402121Z,30260.34,1653007534.402121
00:45:39.292098Z,30253.04,1653007539.292098
00:45:45.156520Z,30252.02,1653007545.15652
00:45:47.518550Z,30259.91,1653007547.51855
00:45:53.635314Z,30258.27,1653007553.635314
00:45:58.669674Z,30261.86,1653007558.669674
00:46:05.406628Z,30257.99,1653007565.406628
00:46:09.284542Z,30256.54,1653007569.284542
00:46:13.886386Z,30256.54,1653007573.886386
00:46:20.446812Z,30257.19,1653007580.446812
00:46:25.900783Z,30255.36,1653007585.900783
00:46:30.319665Z,30250.01,1653007590.319665
00:46:35.865163Z,30250,1653007595.865163
00:46:40.803795Z,30250,1653007600.803795
00:46:45.935045Z,30250,1653007605.935045
00:46:49.839080Z,30252.02,1653007609.83908
00:46:56.111643Z,30246.68,1653007616.111643
00:47:00.012370Z,30249.55,1653007620.01237
00:47:06.187926Z,30249.86,1653007626.187926
00:47:10.560856Z,30248.39,1653007630.560856
00:47:16.104609Z,30247.08,1653007636.104609
00:47:21.074376Z,30246.86,1653007641.074376
00:47:26.649093Z,30246.86,1653007646.649093
00:47:29.456285Z,30246.81,1653007649.456285
00:47:36.110529Z,30236.97,1653007656.110529
00:47:41.616897Z,30252.51,1653007661.616897
00:47:44.800704Z,30249.88,1653007664.800704
00:47:50.544117Z,30249.09,1653007670.544117
00:47:56.717023Z,30254.16,1653007676.717023
00:48:01.868536Z,30254.54,1653007681.868536
00:48:05.711101Z,30260.03,1653007685.711101
00:48:11.695241Z,30267.66,1653007691.695241
00:48:14.947835Z,30264.41,1653007694.947835
00:48:22.238728Z,30269.44,1653007702.238728
00:48:26.190671Z,30269.4,1653007706.190671
00:48:30.527181Z,30267.82,1653007710.527181
00:48:35.711212Z,30267.82,1653007715.711212
00:48:42.015141Z,30261.08,1653007722.015141
00:48:45.225248Z,30262.03,1653007725.225248
00:48:52.045583Z,30260.02,1653007732.045583
00:48:57.373734Z,30260.47,1653007737.373734
00:49:02.198970Z,30259.48,1653007742.19897
00:49:05.512184Z,30258.02,1653007745.512184
00:49:10.990709Z,30252.65,1653007750.990709
00:49:17.212961Z,30250.9,1653007757.212961
00:49:22.269507Z,30250,1653007762.269507
00:49:27.878734Z,30253,1653007767.878734
00:49:31.884637Z,30254.64,1653007771.884637
00:49:36.427014Z,30251.77,1653007776.427014
00:49:43.152161Z,30250.76,1653007783.152161
00:49:47.456761Z,30254.82,1653007787.456761
00:49:52.707407Z,30255.32,1653007792.707407
00:49:56.660013Z,30253.26,1653007796.660013
00:50:02.712690Z,30250,1653007802.71269
00:50:08.255923Z,30252.76,1653007808.255923
00:50:11.616070Z,30254.48,1653007811.61607
00:50:18.264273Z,30253.3,1653007818.264273
00:50:27.510909Z,30255.61,1653007827.510909
00:50:33.089734Z,30255.61,1653007833.089734
00:50:38.271121Z,30253.48,1653007838.271121
00:50:43.556684Z,30252.7,1653007843.556684
00:50:48.243585Z,30250.01,1653007848.243585
00:50:53.634981Z,30250,1653007853.634981
00:50:57.507391Z,30250,1653007857.507391
00:51:01.889176Z,30245.01,1653007861.889176
00:51:08.276838Z,30234.33,1653007868.276838
00:51:13.156097Z,30228.09,1653007873.156097
00:51:18.840555Z,30225.7,1653007878.840555
00:51:22.987879Z,30223.28,1653007882.987879
00:51:28.027201Z,30215.47,1653007888.027201
00:51:32.837433Z,30219.42,1653007892.837433
00:51:37.450300Z,30215.18,1653007897.4503
00:51:42.301572Z,30214.83,1653007902.301572
00:51:49.371321Z,30210.27,1653007909.371321
00:51:52.802833Z,30211.76,1653007912.802833
00:51:58.808771Z,30212.45,1653007918.808771
00:52:02.774749Z,30216.16,1653007922.774749
00:52:07.960083Z,30218.03,1653007927.960083
00:52:14.359934Z,30221.22,1653007934.359934
00:52:19.418514Z,30227.35,1653007939.418514
00:52:22.604081Z,30235.99,1653007942.604081
00:52:28.830005Z,30237.28,1653007948.830005
00:52:34.479769Z,30231.75,1653007954.479769
00:52:39.180370Z,30233.17,1653007959.18037
00:52:44.378119Z,30233.9,1653007964.378119
00:52:49.874727Z,30239.08,1653007969.874727
00:52:54.077541Z,30238.68,1653007974.077541
00:52:59.349803Z,30232.98,1653007979.349803
00:53:03.849117Z,30248.13,1653007983.849117
00:53:09.144396Z,30250.44,1653007989.144396
00:53:14.634147Z,30233.74,1653007994.634147
00:53:19.394530Z,30239.77,1653007999.39453
00:53:23.919144Z,30238.66,1653008003.919144
00:53:28.816519Z,30230.18,1653008008.816519
00:53:34.111507Z,30223.61,1653008014.111507
00:53:39.056543Z,30218.94,1653008019.056543
00:53:43.818677Z,30227.6,1653008023.818677
00:53:47.976522Z,30236.18,1653008027.976522
00:53:51.864516Z,30236.19,1653008031.864516
00:54:00.457039Z,30250.43,1653008040.457039
00:54:05.218767Z,30248.81,1653008045.218767
00:54:10.031009Z,30250.43,1653008050.031009
00:54:15.409433Z,30250.56,1653008055.409433
00:54:19.834338Z,30249.44,1653008059.834338
00:54:25.532714Z,30249.45,1653008065.532714
00:54:30.600618Z,30246.22,1653008070.600618
00:54:35.764980Z,30237.15,1653008075.76498
00:54:40.970948Z,30236.13,1653008080.970948
00:54:44.319071Z,30236.13,1653008084.319071
00:54:50.857430Z,30236.13,1653008090.85743
00:54:56.317571Z,30236.12,1653008096.317571
00:55:00.775975Z,30242.42,1653008100.775975
00:55:04.861092Z,30248.13,1653008104.861092
00:55:09.513453Z,30234.46,1653008109.513453
00:55:16.369950Z,30240.22,1653008116.36995
00:55:21.623728Z,30242.36,1653008121.623728
00:55:24.973411Z,30242.57,1653008124.973411
00:55:30.838810Z,30242.43,1653008130.83881
00:55:35.667464Z,30241.67,1653008135.667464
00:55:38.933090Z,30245.29,1653008138.93309
00:55:44.589196Z,30243.93,1653008144.589196
00:55:51.739244Z,30243.96,1653008151.739244
00:55:55.722497Z,30239.41,1653008155.722497
00:56:01.371667Z,30237.85,1653008161.371667
00:56:06.059582Z,30217.89,1653008166.059582
00:56:11.110375Z,30220.83,1653008171.110375
00:56:17.029602Z,30214.63,1653008177.029602
00:56:21.320902Z,30202,1653008181.320902
00:56:27.153717Z,30192.54,1653008187.153717
00:56:32.354335Z,30187.48,1653008192.354335
00:56:35.612141Z,30187.49,1653008195.612141
00:56:40.586209Z,30191.94,1653008200.586209
00:56:45.642833Z,30201.99,1653008205.642833
00:56:52.380449Z,30194.31,1653008212.380449
00:56:54.967894Z,30194.73,1653008214.967894
00:57:00.711241Z,30195.18,1653008220.711241
00:57:06.381090Z,30189.43,1653008226.38109
00:57:10.335074Z,30189.52,1653008230.335074
00:57:15.927261Z,30189.51,1653008235.927261
00:57:21.320034Z,30188.63,1653008241.320034
00:57:26.681866Z,30200,1653008246.681866
00:57:30.887016Z,30208.6,1653008250.887016
00:57:36.648866Z,30208.93,1653008256.648866
00:57:40.926048Z,30211.09,1653008260.926048
00:57:47.274516Z,30207.91,1653008267.274516
00:57:51.518168Z,30209.78,1653008271.518168
00:57:56.633234Z,30209.56,1653008276.633234
00:58:03.037183Z,30211.09,1653008283.037183
00:58:07.402314Z,30223.09,1653008287.402314
00:58:12.871630Z,30214.73,1653008292.87163
00:58:17.773673Z,30217.2,1653008297.773673
00:58:21.407425Z,30216.85,1653008301.407425
00:58:27.961042Z,30216.15,1653008307.961042
00:58:33.260351Z,30217.06,1653008313.260351
00:58:38.190867Z,30221.21,1653008318.190867
00:58:42.990809Z,30217.01,1653008322.990809
00:58:48.526199Z,30216.86,1653008328.526199
00:58:53.394912Z,30216.86,1653008333.394912
00:58:58.593013Z,30216.85,1653008338.593013
00:59:02.788813Z,30219.07,1653008342.788813
00:59:08.798823Z,30218.26,1653008348.798823
00:59:13.431325Z,30219.34,1653008353.431325
00:59:16.395930Z,30219.18,1653008356.39593
00:59:24.035973Z,30226.33,1653008364.035973
00:59:28.817106Z,30226.34,1653008368.817106
00:59:33.476190Z,30226.34,1653008373.47619
00:59:39.271016Z,30226.32,1653008379.271016
00:59:43.749663Z,30226.33,1653008383.749663
00:59:49.264249Z,30222.57,1653008389.264249
00:59:54.556195Z,30228.21,1653008394.556195
00:59:59.565215Z,30229.83,1653008399.565215
01:00:04.209792Z,30215.55,1653008404.209792
01:00:09.404631Z,30212.36,1653008409.404631
01:00:14.140970Z,30212.35,1653008414.14097
01:00:18.823598Z,30211.99,1653008418.823598
01:00:23.922772Z,30203.5,1653008423.922772
01:00:29.617948Z,30201.99,1653008429.617948
01:00:34.700260Z,30203.16,1653008434.70026
01:00:39.605230Z,30202.6,1653008439.60523
01:00:43.772556Z,30205.51,1653008443.772556
01:00:48.271960Z,30205.51,1653008448.27196
01:00:53.875187Z,30203.06,1653008453.875187
01:00:59.153670Z,30185.67,1653008459.15367
01:01:04.581098Z,30192.44,1653008464.581098
01:01:09.127890Z,30188.63,1653008469.12789
01:01:14.595248Z,30200,1653008474.595248
01:01:19.068228Z,30188.67,1653008479.068228
01:01:24.456756Z,30184.61,1653008484.456756
01:01:29.317033Z,30189.44,1653008489.317033
01:01:35.008581Z,30193.49,1653008495.008581
01:01:38.211227Z,30186.3,1653008498.211227
01:01:44.538768Z,30197.73,1653008504.538768
01:01:49.019373Z,30199.25,1653008509.019373
01:01:53.344167Z,30192.33,1653008513.344167
01:01:59.415232Z,30190.65,1653008519.415232
01:02:03.880622Z,30203.05,1653008523.880622
01:02:08.751182Z,30210.54,1653008528.751182
01:02:15.698781Z,30209.31,1653008535.698781
01:02:19.575332Z,30202.94,1653008539.575332
01:02:25.114481Z,30203.9,1653008545.114481
01:02:30.497163Z,30207.22,1653008550.497163
01:02:35.249200Z,30190.37,1653008555.2492
01:02:41.121937Z,30186.53,1653008561.121937
01:02:45.731934Z,30179.97,1653008565.731934
01:02:50.575594Z,30167.89,1653008570.575594
01:02:56.332301Z,30173.11,1653008576.332301
01:03:01.086041Z,30174.99,1653008581.086041
01:03:06.432570Z,30167.62,1653008586.43257
01:03:11.190078Z,30167.18,1653008591.190078
01:03:15.667021Z,30165.22,1653008595.667021
01:03:21.646225Z,30162.77,1653008601.646225
01:03:26.630106Z,30160.76,1653008606.630106
01:03:31.535285Z,30150.16,1653008611.535285
01:03:36.883391Z,30148.22,1653008616.883391
01:03:41.020589Z,30144.8,1653008621.020589
01:03:46.812460Z,30133.4,1653008626.81246
01:03:51.875497Z,30130.23,1653008631.875497
01:03:56.368503Z,30130.23,1653008636.368503
01:04:01.032593Z,30138.07,1653008641.032593
01:04:06.017357Z,30138.4,1653008646.017357
01:04:11.238715Z,30141.17,1653008651.238715
01:04:16.641604Z,30130.22,1653008656.641604
01:04:21.649427Z,30129.88,1653008661.649427
01:04:27.580257Z,30135.44,1653008667.580257
01:04:32.606881Z,30131.69,1653008672.606881
01:04:36.061758Z,30131.3,1653008676.061758
01:04:42.647720Z,30129.7,1653008682.64772
01:04:46.807838Z,30125.57,1653008686.807838
01:04:53.052216Z,30126.58,1653008693.052216
01:04:57.968051Z,30135.16,1653008697.968051
01:05:02.786471Z,30126.38,1653008702.786471
01:05:07.949879Z,30125.26,1653008707.949879
01:05:11.285562Z,30120.85,1653008711.285562
01:05:17.857892Z,30111.97,1653008717.857892
01:05:22.576980Z,30111.98,1653008722.57698
01:05:27.735089Z,30106.23,1653008727.735089
01:05:33.507523Z,30104.87,1653008733.507523
01:05:37.478833Z,30104.86,1653008737.478833
01:05:41.467682Z,30101.74,1653008741.467682
01:05:46.803685Z,30089.02,1653008746.803685
01:05:52.015304Z,30087.59,1653008752.015304
01:05:57.241034Z,30085.14,1653008757.241034
01:06:03.187470Z,30103.8,1653008763.18747
01:06:06.143281Z,30107.21,1653008766.143281
01:06:12.595848Z,30119.07,1653008772.595848
01:06:17.965146Z,30120.98,1653008777.965146
01:06:23.131838Z,30121.7,1653008783.131838
01:06:27.839005Z,30122.2,1653008787.839005
01:06:33.602164Z,30112.77,1653008793.602164
01:06:38.920104Z,30114.92,1653008798.920104
01:06:43.911085Z,30110.83,1653008803.911085
01:06:48.988397Z,30112.19,1653008808.988397
01:06:53.109537Z,30115.04,1653008813.109537
01:06:58.764706Z,30116.33,1653008818.764706
01:07:04.129651Z,30123.91,1653008824.129651
01:07:08.456545Z,30123.91,1653008828.456545
01:07:14.322130Z,30129.22,1653008834.32213
01:07:19.367951Z,30134.22,1653008839.367951
01:07:24.583526Z,30143.2,1653008844.583526
01:07:27.613992Z,30143.2,1653008847.613992
01:07:32.496289Z,30143.19,1653008852.496289
01:07:37.681411Z,30137.61,1653008857.681411
01:07:43.460943Z,30137.12,1653008863.460943
01:07:48.271274Z,30136.8,1653008868.271274
01:07:53.391345Z,30136.6,1653008873.391345
01:08:01.434785Z,30121.72,1653008881.434785
01:08:08.068044Z,30129.57,1653008888.068044
01:08:13.390097Z,30129.21,1653008893.390097
01:08:17.005952Z,30136.91,1653008897.005952
01:08:22.847019Z,30138.32,1653008902.847019
01:08:27.806201Z,30131.35,1653008907.806201
01:08:32.886544Z,30136.37,1653008912.886544
01:08:36.860813Z,30133.69,1653008916.860813
01:08:42.632291Z,30136.38,1653008922.632291
01:08:46.883031Z,30148.42,1653008926.883031
01:08:53.093796Z,30139.2,1653008933.093796
01:08:58.728752Z,30138.53,1653008938.728752
01:09:03.535541Z,30138.52,1653008943.535541
01:09:08.332650Z,30135.76,1653008948.33265
01:09:12.751528Z,30130.18,1653008952.751528
01:09:18.044110Z,30126.31,1653008958.04411
01:09:23.288184Z,30121.72,1653008963.288184
01:09:28.529441Z,30120.21,1653008968.529441
01:09:33.938657Z,30134.14,1653008973.938657
01:09:38.012901Z,30133.6,1653008978.012901
01:09:44.090619Z,30136.87,1653008984.090619
01:09:49.320987Z,30134.55,1653008989.320987
01:09:53.359173Z,30137.16,1653008993.359173
01:09:59.011141Z,30137.74,1653008999.011141
01:10:02.567990Z,30137.47,1653009002.56799
01:10:08.058955Z,30141,1653009008.058955
01:10:12.589416Z,30142.95,1653009012.589416
01:10:19.480061Z,30147.26,1653009019.480061
01:10:24.375594Z,30139.61,1653009024.375594
01:10:27.953403Z,30135.75,1653009027.953403
01:10:34.459301Z,30169.45,1653009034.459301
01:10:39.168337Z,30175.81,1653009039.168337
01:10:44.566164Z,30154.81,1653009044.566164
01:10:49.661162Z,30145.62,1653009049.661162
01:10:54.883788Z,30153.25,1653009054.883788
01:10:59.512301Z,30154.81,1653009059.512301
01:11:02.472427Z,30147.05,1653009062.472427
01:11:09.404378Z,30145.52,1653009069.404378
01:11:14.865529Z,30145.51,1653009074.865529
01:11:19.558988Z,30145.52,1653009079.558988
01:11:25.204553Z,30162.94,1653009085.204553
01:11:29.670149Z,30168.38,1653009089.670149
01:11:34.626155Z,30175.86,1653009094.626155
01:11:40.348058Z,30172.46,1653009100.348058
01:11:43.447957Z,30172.47,1653009103.447957
01:11:48.561118Z,30168.72,1653009108.561118
01:11:53.109679Z,30167.5,1653009113.109679
01:11:57.722683Z,30163.79,1653009117.722683
01:12:03.622744Z,30155.41,1653009123.622744
01:12:08.941594Z,30156.54,1653009128.941594
01:12:13.446138Z,30145.01,1653009133.446138
01:12:19.082227Z,30151.67,1653009139.082227
01:12:24.576779Z,30154.5,1653009144.576779
01:12:28.785734Z,30154.52,1653009148.785734
01:12:35.670368Z,30170.51,1653009155.670368
01:12:40.911654Z,30168.62,1653009160.911654
01:12:44.456431Z,30162.1,1653009164.456431
01:12:51.093840Z,30160.46,1653009171.09384
01:12:56.028034Z,30144.44,1653009176.028034
01:13:00.865887Z,30141.33,1653009180.865887
01:13:04.951659Z,30141.34,1653009184.951659
01:13:09.555578Z,30141.34,1653009189.555578
01:13:16.014387Z,30141.34,1653009196.014387
01:13:20.832951Z,30136.77,1653009200.832951
01:13:26.374253Z,30157.72,1653009206.374253
01:13:31.073774Z,30153.16,1653009211.073774
01:13:35.855085Z,30153.52,1653009215.855085
01:13:41.276762Z,30162.49,1653009221.276762
01:13:45.462375Z,30179.51,1653009225.462375
01:13:50.767613Z,30187.86,1653009230.767613
01:13:55.857266Z,30183.34,1653009235.857266
01:13:58.872078Z,30173.32,1653009238.872078
01:14:06.202942Z,30179.55,1653009246.202942
01:14:11.205483Z,30183.16,1653009251.205483
01:14:15.900973Z,30176.47,1653009255.900973
01:14:20.892701Z,30183.31,1653009260.892701
01:14:26.470796Z,30183.78,1653009266.470796
01:14:31.620724Z,30177.03,1653009271.620724
01:14:35.197623Z,30173.47,1653009275.197623
01:14:41.684411Z,30168.52,1653009281.684411
01:14:45.218826Z,30162.85,1653009285.218826
01:14:50.635520Z,30154.98,1653009290.63552
01:14:55.720328Z,30151.17,1653009295.720328
01:15:00.546733Z,30151.16,1653009300.546733
01:15:06.797855Z,30151.17,1653009306.797855
01:15:11.668407Z,30151.17,1653009311.668407
01:15:17.088884Z,30165.71,1653009317.088884
01:15:22.212875Z,30168.34,1653009322.212875
01:15:27.360620Z,30161.82,1653009327.36062
01:15:32.636520Z,30167.13,1653009332.63652
01:15:37.654754Z,30169.21,1653009337.654754
01:15:42.544960Z,30173.34,1653009342.54496
01:15:47.011415Z,30166.06,1653009347.011415
01:15:52.213940Z,30177.79,1653009352.21394
01:15:57.699347Z,30177.36,1653009357.699347
01:16:02.834343Z,30177.36,1653009362.834343
01:16:07.914446Z,30174.16,1653009367.914446
01:16:12.057853Z,30187.42,1653009372.057853
01:16:18.094005Z,30177.95,1653009378.094005
01:16:23.281227Z,30178.42,1653009383.281227
01:16:25.910551Z,30180.59,1653009385.910551
01:16:33.407873Z,30167.1,1653009393.407873
01:16:38.303248Z,30161.9,1653009398.303248
01:16:43.611411Z,30156.91,1653009403.611411
01:16:48.292561Z,30147.29,1653009408.292561
01:16:52.413524Z,30148.08,1653009412.413524
01:16:57.981322Z,30148.07,1653009417.981322
01:16:59.074746Z,30147.73,1653009419.074746
01:17:08.502532Z,30138.2,1653009428.502532
01:17:13.701965Z,30143.02,1653009433.701965
01:17:18.846594Z,30149.81,1653009438.846594
01:17:23.859597Z,30165.14,1653009443.859597
01:17:28.079383Z,30160.93,1653009448.079383
01:17:32.960898Z,30168.56,1653009452.960898
01:17:38.309762Z,30169.9,1653009458.309762
01:17:43.069443Z,30171.8,1653009463.069443
01:17:48.254094Z,30167.59,1653009468.254094
01:17:53.783433Z,30165.45,1653009473.783433
01:17:57.520381Z,30165.45,1653009477.520381
01:18:02.899222Z,30168.07,1653009482.899222
01:18:08.576311Z,30167.56,1653009488.576311
01:18:12.910713Z,30165.43,1653009492.910713
01:18:18.170055Z,30153.16,1653009498.170055
01:18:23.708321Z,30149.26,1653009503.708321
01:18:29.218686Z,30144.65,1653009509.218686
01:18:33.013060Z,30143.7,1653009513.01306
01:18:37.855415Z,30143.85,1653009517.855415
01:18:42.740072Z,30138.03,1653009522.740072
01:18:49.568289Z,30137.98,1653009529.568289
01:18:54.639585Z,30134.59,1653009534.639585
01:18:59.424624Z,30126.89,1653009539.424624
01:19:04.504248Z,30141.69,1653009544.504248
01:19:09.535248Z,30134.07,1653009549.535248
01:19:14.529962Z,30141.08,1653009554.529962
01:19:19.545949Z,30144.23,1653009559.545949
01:19:24.536092Z,30156.97,1653009564.536092
01:19:29.047636Z,30142.98,1653009569.047636
01:19:34.574565Z,30159.91,1653009574.574565
01:19:39.759814Z,30158.08,1653009579.759814
01:19:44.486018Z,30169.88,1653009584.486018
01:19:50.092595Z,30173.77,1653009590.092595
01:19:54.387270Z,30177.84,1653009594.38727
01:19:59.478833Z,30178.44,1653009599.478833
01:20:05.305144Z,30186.2,1653009605.305144
01:20:09.460762Z,30185.06,1653009609.460762
01:20:15.473662Z,30171.62,1653009615.473662
01:20:19.964100Z,30170.43,1653009619.9641
01:20:25.380253Z,30181.95,1653009625.380253
01:20:30.120069Z,30182.78,1653009630.120069
01:20:34.491629Z,30189.36,1653009634.491629
01:20:38.009694Z,30192.54,1653009638.009694
01:20:44.954964Z,30193.23,1653009644.954964
01:20:50.923134Z,30190.31,1653009650.923134
01:20:55.768769Z,30185.08,1653009655.768769
01:21:00.176964Z,30195.01,1653009660.176964
01:21:05.569304Z,30200.15,1653009665.569304
01:21:10.551781Z,30200.14,1653009670.551781
01:21:15.997086Z,30194.53,1653009675.997086
01:21:20.997220Z,30198.05,1653009680.99722
01:21:26.040941Z,30195.63,1653009686.040941
01:21:31.140803Z,30188.83,1653009691.140803
01:21:34.584876Z,30180.56,1653009694.584876
01:21:39.420762Z,30186.95,1653009699.420762
01:21:46.350442Z,30186.05,1653009706.350442
01:21:51.535801Z,30179.72,1653009711.535801
01:21:55.789483Z,30171.16,1653009715.789483
01:22:00.816115Z,30170.93,1653009720.816115
01:22:06.412604Z,30177.86,1653009726.412604
01:22:10.286885Z,30174.17,1653009730.286885
01:22:16.141838Z,30187.82,1653009736.141838
01:22:21.415618Z,30190.4,1653009741.415618
01:22:25.946832Z,30196.69,1653009745.946832
01:22:30.803401Z,30197.07,1653009750.803401
01:22:36.907795Z,30217.62,1653009756.907795
01:22:40.872284Z,30229.8,1653009760.872284
01:22:46.002856Z,30234.43,1653009766.002856
01:22:51.103095Z,30240.4,1653009771.103095
01:22:56.556334Z,30244.47,1653009776.556334
01:23:01.501957Z,30243.44,1653009781.501957
01:23:06.759364Z,30245.63,1653009786.759364
01:23:11.829831Z,30250.63,1653009791.829831
01:23:16.404296Z,30260.08,1653009796.404296
01:23:18.265877Z,30259.94,1653009798.265877
01:23:26.519565Z,30269.47,1653009806.519565
01:23:31.737451Z,30271.45,1653009811.737451
01:23:36.554131Z,30278.52,1653009816.554131
01:23:41.154151Z,30285.88,1653009821.154151
01:23:46.480740Z,30289.68,1653009826.48074
01:23:51.429078Z,30283.52,1653009831.429078
01:23:56.388446Z,30274.82,1653009836.388446
01:24:00.872403Z,30273.13,1653009840.872403
01:24:07.148342Z,30276.42,1653009847.148342
01:24:10.854748Z,30288.84,1653009850.854748
01:24:17.575264Z,30290.92,1653009857.575264
01:24:22.632272Z,30290.46,1653009862.632272
01:24:26.591635Z,30295.57,1653009866.591635
01:24:31.711189Z,30295.31,1653009871.711189
01:24:35.449342Z,30291.36,1653009875.449342
01:24:41.661649Z,30286.61,1653009881.661649
01:24:47.886187Z,30291.77,1653009887.886187
01:24:52.542334Z,30289.29,1653009892.542334
01:24:57.370645Z,30299.99,1653009897.370645
01:25:03.134537Z,30296.85,1653009903.134537
01:25:07.884402Z,30308.13,1653009907.884402
01:25:13.189093Z,30302.39,1653009913.189093
01:25:17.881167Z,30306.31,1653009917.881167
01:25:22.581282Z,30326.47,1653009922.581282
01:25:28.333797Z,30308.28,1653009928.333797
01:25:33.108783Z,30294.98,1653009933.108783
01:25:38.344454Z,30294.59,1653009938.344454
01:25:42.652542Z,30299.24,1653009942.652542
01:25:48.306583Z,30320.13,1653009948.306583
01:25:52.814168Z,30311.4,1653009952.814168
01:25:58.312394Z,30314.02,1653009958.312394
01:26:03.435470Z,30314.02,1653009963.43547
01:26:08.495723Z,30304.7,1653009968.495723
01:26:12.884215Z,30300.04,1653009972.884215
01:26:18.039585Z,30290.04,1653009978.039585
01:26:23.165977Z,30287.61,1653009983.165977
01:26:29.058377Z,30286.65,1653009989.058377
01:26:34.022213Z,30293.94,1653009994.022213
01:26:38.404196Z,30298.99,1653009998.404196
01:26:42.836646Z,30297.42,1653010002.836646
01:26:47.817567Z,30300.11,1653010007.817567
01:26:52.416475Z,30299.75,1653010012.416475
01:26:58.205630Z,30300.81,1653010018.20563
01:27:04.328759Z,30297.71,1653010024.328759
01:27:09.284917Z,30307.53,1653010029.284917
01:27:14.410761Z,30292.66,1653010034.410761
01:27:18.737479Z,30282.39,1653010038.737479
01:27:22.679882Z,30280.16,1653010042.679882
01:27:29.190037Z,30273.95,1653010049.190037
01:27:32.756446Z,30273.95,1653010052.756446
01:27:39.570298Z,30281,1653010059.570298
01:27:44.554855Z,30292,1653010064.554855
01:27:48.411104Z,30293.65,1653010068.411104
01:27:54.883316Z,30300.25,1653010074.883316
01:27:59.575233Z,30305.01,1653010079.575233
01:28:04.603332Z,30307.24,1653010084.603332
01:28:10.014905Z,30308.56,1653010090.014905
01:28:13.649288Z,30313.24,1653010093.649288
01:28:19.239073Z,30315.33,1653010099.239073
01:28:24.958453Z,30322.88,1653010104.958453
01:28:29.305300Z,30338.43,1653010109.3053
01:28:34.506027Z,30333.11,1653010114.506027
01:28:39.611275Z,30329.32,1653010119.611275
01:28:45.661125Z,30341.27,1653010125.661125
01:28:50.190050Z,30339.01,1653010130.19005
01:28:54.657033Z,30329.35,1653010134.657033
01:28:59.406985Z,30324.55,1653010139.406985
01:29:05.078692Z,30308.52,1653010145.078692
01:29:08.477420Z,30293.36,1653010148.47742
01:29:14.530597Z,30292.02,1653010154.530597
01:29:19.860061Z,30290.57,1653010159.860061
01:29:25.847561Z,30296.04,1653010165.847561
01:29:30.828813Z,30329.1,1653010170.828813
01:29:36.045404Z,30321.04,1653010176.045404
01:29:39.612255Z,30325.1,1653010179.612255
01:29:45.037811Z,30319.43,1653010185.037811
01:29:50.539729Z,30321.43,1653010190.539729
01:29:55.646344Z,30316.38,1653010195.646344
01:30:00.263214Z,30320.64,1653010200.263214
01:30:06.039487Z,30331.49,1653010206.039487
01:30:11.455258Z,30319.65,1653010211.455258
01:30:16.187045Z,30318.9,1653010216.187045
01:30:21.598756Z,30313.03,1653010221.598756
01:30:23.956838Z,30319.03,1653010223.956838
01:30:30.371738Z,30326.41,1653010230.371738
01:30:35.582464Z,30329.85,1653010235.582464
01:30:39.852148Z,30329.63,1653010239.852148
01:30:46.040153Z,30330.66,1653010246.040153
01:30:50.606592Z,30320.87,1653010250.606592
01:30:56.437648Z,30320.39,1653010256.437648
01:31:01.691519Z,30318.41,1653010261.691519
01:31:06.693828Z,30313.35,1653010266.693828
01:31:10.714111Z,30322.1,1653010270.714111
01:31:17.019253Z,30327.51,1653010277.019253
01:31:21.766336Z,30335.17,1653010281.766336
01:31:26.909054Z,30328.34,1653010286.909054
01:31:32.347486Z,30332.26,1653010292.347486
01:31:36.138790Z,30332.04,1653010296.13879
01:31:41.587733Z,30341.37,1653010301.587733
01:31:47.258121Z,30345.23,1653010307.258121
01:31:52.065048Z,30352.72,1653010312.065048
01:31:57.640019Z,30360.95,1653010317.640019
01:32:00.705764Z,30369.15,1653010320.705764
01:32:07.363423Z,30377.26,1653010327.363423
01:32:12.762877Z,30388.88,1653010332.762877
01:32:17.340885Z,30398.6,1653010337.340885
01:32:22.819971Z,30386.31,1653010342.819971
01:32:26.804072Z,30374.06,1653010346.804072
01:32:32.882979Z,30390.96,1653010352.882979
01:32:37.827709Z,30384.91,1653010357.827709
01:32:41.659174Z,30375.93,1653010361.659174
01:32:47.071856Z,30377.72,1653010367.071856
01:32:52.966048Z,30381.32,1653010372.966048
01:32:57.370572Z,30390.16,1653010377.370572
01:33:02.301387Z,30398.47,1653010382.301387
01:33:08.223061Z,30398.26,1653010388.223061
01:33:13.172234Z,30397.77,1653010393.172234
01:33:18.365124Z,30416.68,1653010398.365124
01:33:23.534109Z,30429.61,1653010403.534109
